Thu Jan 02 2014 00:00:00 GMT+0800 (China Standard Time),20.26,20.26,20.26,20.26,0,20.26,GALTU
Fri Jan 03 2014 00:00:00 GMT+0800 (China Standard Time),20.26,20.26,20.26,20.26,0,20.26,GALTU
Mon Jan 06 2014 00:00:00 GMT+0800 (China Standard Time),20.26,20.26,20.26,20.26,0,20.26,GALTU
Tue Jan 07 2014 00:00:00 GMT+0800 (China Standard Time),20.26,20.26,20.26,20.26,0,20.26,GALTU
Wed Jan 08 2014 00:00:00 GMT+0800 (China Standard Time),20.26,20.26,20.26,20.26,0,20.26,GALTU
Thu Jan 09 2014 00:00:00 GMT+0800 (China Standard Time),27.16,35,26.9,35,3600,35,GALTU
Fri Jan 10 2014 00:00:00 GMT+0800 (China Standard Time),35,35,35,35,0,35,GALTU
Mon Jan 13 2014 00:00:00 GMT+0800 (China Standard Time),35,35,35,35,0,35,GALTU
Tue Jan 14 2014 00:00:00 GMT+0800 (China Standard Time),35,35,35,35,0,35,GALTU
Wed Jan 15 2014 00:00:00 GMT+0800 (China Standard Time),35,35,35,35,0,35,GALTU
Thu Jan 16 2014 00:00:00 GMT+0800 (China Standard Time),35,35,35,35,0,35,GALTU
Fri Jan 17 2014 00:00:00 GMT+0800 (China Standard Time),35,35,35,35,0,35,GALTU
Tue Jan 21 2014 00:00:00 GMT+0800 (China Standard Time),35,35,35,35,0,35,GALTU
Wed Jan 22 2014 00:00:00 GMT+0800 (China Standard Time),35,35,35,35,0,35,GALTU
Thu Jan 23 2014 00:00:00 GMT+0800 (China Standard Time),35,35,35,35,0,35,GALTU
Fri Jan 24 2014 00:00:00 GMT+0800 (China Standard Time),35,35,35,35,0,35,GALTU
Mon Jan 27 2014 00:00:00 GMT+0800 (China Standard Time),35,35,35,35,0,35,GALTU
Tue Jan 28 2014 00:00:00 GMT+0800 (China Standard Time),54.060001,54.060001,54.060001,54.060001,200,54.060001,GALTU
Wed Jan 29 2014 00:00:00 GMT+0800 (China Standard Time),51,51,33.099998,33.099998,1000,33.099998,GALTU
Thu Jan 30 2014 00:00:00 GMT+0800 (China Standard Time),33,34,31.01,34,700,34,GALTU
Fri Jan 31 2014 00:00:00 GMT+0800 (China Standard Time),34,34,34,34,0,34,GALTU
Mon Feb 03 2014 00:00:00 GMT+0800 (China Standard Time),34,34,34,34,0,34,GALTU
Tue Feb 04 2014 00:00:00 GMT+0800 (China Standard Time),32.549999,32.549999,32.32,32.32,300,32.32,GALTU
Wed Feb 05 2014 00:00:00 GMT+0800 (China Standard Time),32.32,32.32,32.32,32.32,0,32.32,GALTU
Thu Feb 06 2014 00:00:00 GMT+0800 (China Standard Time),32.32,32.32,32.32,32.32,0,32.32,GALTU
Fri Feb 07 2014 00:00:00 GMT+0800 (China Standard Time),32.32,32.32,32.32,32.32,0,32.32,GALTU
Mon Feb 10 2014 00:00:00 GMT+0800 (China Standard Time),32.32,32.32,32.32,32.32,0,32.32,GALTU
Tue Feb 11 2014 00:00:00 GMT+0800 (China Standard Time),41.360001,43.279999,39.959999,41,700,41,GALTU
Wed Feb 12 2014 00:00:00 GMT+0800 (China Standard Time),49.950001,49.950001,43,43,700,43,GALTU
Thu Feb 13 2014 00:00:00 GMT+0800 (China Standard Time),43,43,43,43,0,43,GALTU
Fri Feb 14 2014 00:00:00 GMT+0800 (China Standard Time),43,43,43,43,0,43,GALTU
Tue Feb 18 2014 00:00:00 GMT+0800 (China Standard Time),40.040001,40.119999,39.540001,40.040001,800,40.040001,GALTU
Wed Feb 19 2014 00:00:00 GMT+0800 (China Standard Time),39,39.900002,39,39.900002,300,39.900002,GALTU
Thu Feb 20 2014 00:00:00 GMT+0800 (China Standard Time),39.900002,39.900002,39.900002,39.900002,0,39.900002,GALTU
Fri Feb 21 2014 00:00:00 GMT+0800 (China Standard Time),40,40,39.990002,39.990002,300,39.990002,GALTU
Mon Feb 24 2014 00:00:00 GMT+0800 (China Standard Time),40,40,40,40,100,40,GALTU
Tue Feb 25 2014 00:00:00 GMT+0800 (China Standard Time),40,40,40,40,0,40,GALTU
Wed Feb 26 2014 00:00:00 GMT+0800 (China Standard Time),37.599998,37.599998,37.599998,37.599998,100,37.599998,GALTU
Thu Feb 27 2014 00:00:00 GMT+0800 (China Standard Time),37.599998,37.599998,37.599998,37.599998,0,37.599998,GALTU
Fri Feb 28 2014 00:00:00 GMT+0800 (China Standard Time),48.119999,48.119999,48.119999,48.119999,200,48.119999,GALTU
Mon Mar 03 2014 00:00:00 GMT+0800 (China Standard Time),46,46,46,46,100,46,GALTU
Tue Mar 04 2014 00:00:00 GMT+0800 (China Standard Time),46,46,46,46,0,46,GALTU
Wed Mar 05 2014 00:00:00 GMT+0800 (China Standard Time),46,46,46,46,0,46,GALTU
Thu Mar 06 2014 00:00:00 GMT+0800 (China Standard Time),45.939999,45.939999,42.5,42.560001,900,42.560001,GALTU
Fri Mar 07 2014 00:00:00 GMT+0800 (China Standard Time),42.560001,42.560001,42.560001,42.560001,0,42.560001,GALTU
Mon Mar 10 2014 00:00:00 GMT+0800 (China Standard Time),40,40,37.900002,37.91,500,37.91,GALTU
Tue Mar 11 2014 00:00:00 GMT+0800 (China Standard Time),42.560001,45,42.560001,45,600,45,GALTU
Wed Mar 12 2014 00:00:00 GMT+0800 (China Standard Time),45,45,45,45,0,45,GALTU
Thu Mar 13 2014 00:00:00 GMT+0800 (China Standard Time),41.830002,42.689999,41.77,42.689999,700,42.689999,GALTU
Fri Mar 14 2014 00:00:00 GMT+0800 (China Standard Time),42.689999,42.689999,42.689999,42.689999,0,42.689999,GALTU
Mon Mar 17 2014 00:00:00 GMT+0800 (China Standard Time),44.349998,44.5,44.349998,44.5,1000,44.5,GALTU
Tue Mar 18 2014 00:00:00 GMT+0800 (China Standard Time),44.5,44.5,44.5,44.5,0,44.5,GALTU
Wed Mar 19 2014 00:00:00 GMT+0800 (China Standard Time),35.049999,42.009998,35.049999,42.009998,300,42.009998,GALTU
Thu Mar 20 2014 00:00:00 GMT+0800 (China Standard Time),41.369999,41.369999,41.369999,41.369999,300,41.369999,GALTU
Fri Mar 21 2014 00:00:00 GMT+0800 (China Standard Time),39.220001,41.34,39,40.439999,2400,40.439999,GALTU
Mon Mar 24 2014 00:00:00 GMT+0800 (China Standard Time),34.830002,37.799999,34.369999,37.799999,500,37.799999,GALTU
Tue Mar 25 2014 00:00:00 GMT+0800 (China Standard Time),44.459999,50.049999,44.299999,44.299999,4300,44.299999,GALTU
Wed Mar 26 2014 00:00:00 GMT+0800 (China Standard Time),40.93,40.93,40.25,40.25,1100,40.25,GALTU
Thu Mar 27 2014 00:00:00 GMT+0800 (China Standard Time),40.25,40.25,40.25,40.25,0,40.25,GALTU
Fri Mar 28 2014 00:00:00 GMT+0800 (China Standard Time),42.869999,42.869999,40.790001,41.599998,700,41.599998,GALTU
Mon Mar 31 2014 00:00:00 GMT+0800 (China Standard Time),43.470001,43.470001,43.400002,43.400002,500,43.400002,GALTU
Tue Apr 01 2014 00:00:00 GMT+0800 (China Standard Time),37.110001,37.380001,35.560001,36.880001,3000,36.880001,GALTU
Wed Apr 02 2014 00:00:00 GMT+0800 (China Standard Time),37.439999,38.5,37.439999,38.5,500,38.5,GALTU
Thu Apr 03 2014 00:00:00 GMT+0800 (China Standard Time),35.639999,36.59,35.639999,36.59,400,36.59,GALTU
Fri Apr 04 2014 00:00:00 GMT+0800 (China Standard Time),35.25,35.25,35.25,35.25,100,35.25,GALTU
Mon Apr 07 2014 00:00:00 GMT+0800 (China Standard Time),34,34,31.1,31.1,800,31.1,GALTU
Tue Apr 08 2014 00:00:00 GMT+0800 (China Standard Time),31.1,31.1,31.1,31.1,0,31.1,GALTU
Wed Apr 09 2014 00:00:00 GMT+0800 (China Standard Time),33,34,33,34,300,34,GALTU
Thu Apr 10 2014 00:00:00 GMT+0800 (China Standard Time),34,34.240002,34,34.240002,400,34.240002,GALTU
Fri Apr 11 2014 00:00:00 GMT+0800 (China Standard Time),34.240002,34.240002,34.240002,34.240002,0,34.240002,GALTU
Mon Apr 14 2014 00:00:00 GMT+0800 (China Standard Time),34.240002,34.240002,34.240002,34.240002,0,34.240002,GALTU
Tue Apr 15 2014 00:00:00 GMT+0800 (China Standard Time),27.85,36.5,27.85,31.959999,1700,31.959999,GALTU
Wed Apr 16 2014 00:00:00 GMT+0800 (China Standard Time),31.959999,31.959999,31.959999,31.959999,0,31.959999,GALTU
Thu Apr 17 2014 00:00:00 GMT+0800 (China Standard Time),31.959999,31.959999,31.959999,31.959999,0,31.959999,GALTU
Mon Apr 21 2014 00:00:00 GMT+0800 (China Standard Time),32.169998,32.169998,32.009998,32.009998,300,32.009998,GALTU
Tue Apr 22 2014 00:00:00 GMT+0800 (China Standard Time),32.009998,32.009998,32.009998,32.009998,0,32.009998,GALTU
Wed Apr 23 2014 00:00:00 GMT+0800 (China Standard Time),32.009998,32.009998,32.009998,32.009998,0,32.009998,GALTU
Thu Apr 24 2014 00:00:00 GMT+0800 (China Standard Time),32.009998,32.009998,32.009998,32.009998,0,32.009998,GALTU
Fri Apr 25 2014 00:00:00 GMT+0800 (China Standard Time),32.009998,32.009998,32.009998,32.009998,0,32.009998,GALTU
Mon Apr 28 2014 00:00:00 GMT+0800 (China Standard Time),32.009998,32.009998,32.009998,32.009998,0,32.009998,GALTU
Tue Apr 29 2014 00:00:00 GMT+0800 (China Standard Time),32.009998,32.009998,32.009998,32.009998,0,32.009998,GALTU
Wed Apr 30 2014 00:00:00 GMT+0800 (China Standard Time),32.009998,32.009998,32.009998,32.009998,0,32.009998,GALTU
Thu May 01 2014 00:00:00 GMT+0800 (China Standard Time),32.009998,32.009998,32.009998,32.009998,0,32.009998,GALTU
Fri May 02 2014 00:00:00 GMT+0800 (China Standard Time),32.009998,32.009998,32.009998,32.009998,0,32.009998,GALTU
Mon May 05 2014 00:00:00 GMT+0800 (China Standard Time),32.009998,32.009998,32.009998,32.009998,0,32.009998,GALTU
Tue May 06 2014 00:00:00 GMT+0800 (China Standard Time),32.009998,32.009998,32.009998,32.009998,0,32.009998,GALTU
Wed May 07 2014 00:00:00 GMT+0800 (China Standard Time),32.009998,32.009998,32.009998,32.009998,0,32.009998,GALTU
Thu May 08 2014 00:00:00 GMT+0800 (China Standard Time),32.009998,32.009998,32.009998,32.009998,0,32.009998,GALTU
Fri May 09 2014 00:00:00 GMT+0800 (China Standard Time),32.009998,32.009998,32.009998,32.009998,0,32.009998,GALTU
Mon May 12 2014 00:00:00 GMT+0800 (China Standard Time),32.009998,32.009998,32.009998,32.009998,0,32.009998,GALTU
Tue May 13 2014 00:00:00 GMT+0800 (China Standard Time),32.009998,32.009998,32.009998,32.009998,0,32.009998,GALTU
Wed May 14 2014 00:00:00 GMT+0800 (China Standard Time),32.009998,32.009998,32.009998,32.009998,0,32.009998,GALTU
Thu May 15 2014 00:00:00 GMT+0800 (China Standard Time),32.009998,32.009998,32.009998,32.009998,0,32.009998,GALTU
Fri May 16 2014 00:00:00 GMT+0800 (China Standard Time),32.009998,32.009998,32.009998,32.009998,0,32.009998,GALTU
Mon May 19 2014 00:00:00 GMT+0800 (China Standard Time),32.009998,32.009998,32.009998,32.009998,0,32.009998,GALTU
Tue May 20 2014 00:00:00 GMT+0800 (China Standard Time),32.009998,32.009998,32.009998,32.009998,0,32.009998,GALTU
Wed May 21 2014 00:00:00 GMT+0800 (China Standard Time),32.009998,32.009998,32.009998,32.009998,0,32.009998,GALTU
Thu May 22 2014 00:00:00 GMT+0800 (China Standard Time),32.009998,32.009998,32.009998,32.009998,0,32.009998,GALTU
Fri May 23 2014 00:00:00 GMT+0800 (China Standard Time),30.9,30.9,30.9,30.9,500,30.9,GALTU
Tue May 27 2014 00:00:00 GMT+0800 (China Standard Time),32.009998,32.009998,32.009998,32.009998,0,32.009998,GALTU
Wed May 28 2014 00:00:00 GMT+0800 (China Standard Time),30.9,30.9,30.9,30.9,0,30.9,GALTU
Thu May 29 2014 00:00:00 GMT+0800 (China Standard Time),34,34,34,34,200,34,GALTU
Fri May 30 2014 00:00:00 GMT+0800 (China Standard Time),34,34,34,34,0,34,GALTU
Mon Jun 02 2014 00:00:00 GMT+0800 (China Standard Time),34,34,34,34,0,34,GALTU
Tue Jun 03 2014 00:00:00 GMT+0800 (China Standard Time),34,34,34,34,0,34,GALTU
Wed Jun 04 2014 00:00:00 GMT+0800 (China Standard Time),35,35,35,35,200,35,GALTU
Thu Jun 05 2014 00:00:00 GMT+0800 (China Standard Time),36,36,36,36,500,36,GALTU
Fri Jun 06 2014 00:00:00 GMT+0800 (China Standard Time),36,36,36,36,0,36,GALTU
Mon Jun 09 2014 00:00:00 GMT+0800 (China Standard Time),36,36,36,36,0,36,GALTU
Tue Jun 10 2014 00:00:00 GMT+0800 (China Standard Time),36,36,36,36,0,36,GALTU
Wed Jun 11 2014 00:00:00 GMT+0800 (China Standard Time),37,38,37,37.549999,500,37.549999,GALTU
Thu Jun 12 2014 00:00:00 GMT+0800 (China Standard Time),37.549999,37.549999,37.549999,37.549999,0,37.549999,GALTU
Fri Jun 13 2014 00:00:00 GMT+0800 (China Standard Time),37.549999,37.549999,37.549999,37.549999,0,37.549999,GALTU
Mon Jun 16 2014 00:00:00 GMT+0800 (China Standard Time),37.549999,37.549999,37.549999,37.549999,0,37.549999,GALTU
Tue Jun 17 2014 00:00:00 GMT+0800 (China Standard Time),37.549999,37.549999,37.549999,37.549999,0,37.549999,GALTU
Wed Jun 18 2014 00:00:00 GMT+0800 (China Standard Time),39,39,38.799999,38.799999,1600,38.799999,GALTU
Thu Jun 19 2014 00:00:00 GMT+0800 (China Standard Time),37.849998,37.849998,37.849998,37.849998,500,37.849998,GALTU
Fri Jun 20 2014 00:00:00 GMT+0800 (China Standard Time),37.849998,37.849998,37.849998,37.849998,0,37.849998,GALTU
Mon Jun 23 2014 00:00:00 GMT+0800 (China Standard Time),40,40,39.32,39.32,600,39.32,GALTU
Tue Jun 24 2014 00:00:00 GMT+0800 (China Standard Time),39.32,39.32,39.32,39.32,0,39.32,GALTU
Wed Jun 25 2014 00:00:00 GMT+0800 (China Standard Time),40,40,40,40,200,40,GALTU
Thu Jun 26 2014 00:00:00 GMT+0800 (China Standard Time),40,40,40,40,0,40,GALTU
Fri Jun 27 2014 00:00:00 GMT+0800 (China Standard Time),40,40,40,40,0,40,GALTU
Mon Jun 30 2014 00:00:00 GMT+0800 (China Standard Time),40,40,40,40,0,40,GALTU
Tue Jul 01 2014 00:00:00 GMT+0800 (China Standard Time),40,40,40,40,0,40,GALTU
Wed Jul 02 2014 00:00:00 GMT+0800 (China Standard Time),40,40,40,40,0,40,GALTU
Thu Jul 03 2014 00:00:00 GMT+0800 (China Standard Time),40,40,40,40,0,40,GALTU
Mon Jul 07 2014 00:00:00 GMT+0800 (China Standard Time),40,40,40,40,0,40,GALTU
Tue Jul 08 2014 00:00:00 GMT+0800 (China Standard Time),40,40,40,40,0,40,GALTU
Wed Jul 09 2014 00:00:00 GMT+0800 (China Standard Time),40,40,40,40,0,40,GALTU
Thu Jul 10 2014 00:00:00 GMT+0800 (China Standard Time),40,40,40,40,0,40,GALTU
Fri Jul 11 2014 00:00:00 GMT+0800 (China Standard Time),34.380001,34.380001,34.380001,34.380001,100,34.380001,GALTU
Mon Jul 14 2014 00:00:00 GMT+0800 (China Standard Time),34.380001,34.380001,34.380001,34.380001,0,34.380001,GALTU
Tue Jul 15 2014 00:00:00 GMT+0800 (China Standard Time),34.380001,34.380001,34.380001,34.380001,0,34.380001,GALTU
Wed Jul 16 2014 00:00:00 GMT+0800 (China Standard Time),34.380001,34.380001,34.380001,34.380001,0,34.380001,GALTU
Thu Jul 17 2014 00:00:00 GMT+0800 (China Standard Time),34.380001,34.380001,34.380001,34.380001,0,34.380001,GALTU
Fri Jul 18 2014 00:00:00 GMT+0800 (China Standard Time),34.380001,34.380001,34.380001,34.380001,0,34.380001,GALTU
Mon Jul 21 2014 00:00:00 GMT+0800 (China Standard Time),34.380001,34.380001,34.380001,34.380001,0,34.380001,GALTU
Tue Jul 22 2014 00:00:00 GMT+0800 (China Standard Time),34.380001,34.380001,34.380001,34.380001,0,34.380001,GALTU
Wed Jul 23 2014 00:00:00 GMT+0800 (China Standard Time),34.380001,34.380001,34.380001,34.380001,0,34.380001,GALTU
Thu Jul 24 2014 00:00:00 GMT+0800 (China Standard Time),34.380001,34.380001,34.380001,34.380001,0,34.380001,GALTU
Fri Jul 25 2014 00:00:00 GMT+0800 (China Standard Time),42,42,38.43,38.43,700,38.43,GALTU
Mon Jul 28 2014 00:00:00 GMT+0800 (China Standard Time),38.43,38.43,38.43,38.43,0,38.43,GALTU
Tue Jul 29 2014 00:00:00 GMT+0800 (China Standard Time),20,21.809999,11.35,15,4800,15,GALTU
Wed Jul 30 2014 00:00:00 GMT+0800 (China Standard Time),16.299999,18.65,16.059999,16.48,7900,16.48,GALTU
Thu Jul 31 2014 00:00:00 GMT+0800 (China Standard Time),15.54,15.54,15.1,15.25,500,15.25,GALTU
Fri Aug 01 2014 00:00:00 GMT+0800 (China Standard Time),15.25,15.25,15.25,15.25,0,15.25,GALTU
Mon Aug 04 2014 00:00:00 GMT+0800 (China Standard Time),15.25,15.25,15.25,15.25,0,15.25,GALTU
Tue Aug 05 2014 00:00:00 GMT+0800 (China Standard Time),15.25,15.25,15.25,15.25,0,15.25,GALTU
Wed Aug 06 2014 00:00:00 GMT+0800 (China Standard Time),15.25,15.25,15.25,15.25,0,15.25,GALTU
Thu Aug 07 2014 00:00:00 GMT+0800 (China Standard Time),12.81,13.64,12.81,13.64,700,13.64,GALTU
Fri Aug 08 2014 00:00:00 GMT+0800 (China Standard Time),13.64,13.64,13.64,13.64,0,13.64,GALTU
Mon Aug 11 2014 00:00:00 GMT+0800 (China Standard Time),13.64,13.64,13.64,13.64,0,13.64,GALTU
Tue Aug 12 2014 00:00:00 GMT+0800 (China Standard Time),13.64,13.64,13.64,13.64,0,13.64,GALTU
Wed Aug 13 2014 00:00:00 GMT+0800 (China Standard Time),13.64,13.64,13.64,13.64,0,13.64,GALTU
Thu Aug 14 2014 00:00:00 GMT+0800 (China Standard Time),13.64,13.64,13.64,13.64,0,13.64,GALTU
Fri Aug 15 2014 00:00:00 GMT+0800 (China Standard Time),13.64,13.64,13.64,13.64,0,13.64,GALTU
Mon Aug 18 2014 00:00:00 GMT+0800 (China Standard Time),13.64,13.64,13.64,13.64,0,13.64,GALTU
Tue Aug 19 2014 00:00:00 GMT+0800 (China Standard Time),13.64,13.64,13.64,13.64,0,13.64,GALTU
Wed Aug 20 2014 00:00:00 GMT+0800 (China Standard Time),13.64,13.64,13.64,13.64,0,13.64,GALTU
Thu Aug 21 2014 00:00:00 GMT+0800 (China Standard Time),13.64,13.64,13.64,13.64,0,13.64,GALTU
Fri Aug 22 2014 00:00:00 GMT+0800 (China Standard Time),13.64,13.64,13.64,13.64,0,13.64,GALTU
Mon Aug 25 2014 00:00:00 GMT+0800 (China Standard Time),13.64,13.64,13.64,13.64,0,13.64,GALTU
Tue Aug 26 2014 00:00:00 GMT+0800 (China Standard Time),13.64,13.64,13.64,13.64,0,13.64,GALTU
Wed Aug 27 2014 00:00:00 GMT+0800 (China Standard Time),15.61,15.61,15.61,15.61,100,15.61,GALTU
Thu Aug 28 2014 00:00:00 GMT+0800 (China Standard Time),15.61,15.61,15.61,15.61,0,15.61,GALTU
Fri Aug 29 2014 00:00:00 GMT+0800 (China Standard Time),15.61,15.61,15.61,15.61,0,15.61,GALTU
Tue Sep 02 2014 00:00:00 GMT+0800 (China Standard Time),15.61,15.61,15.61,15.61,0,15.61,GALTU
Wed Sep 03 2014 00:00:00 GMT+0800 (China Standard Time),15,15.01,15,15.01,300,15.01,GALTU
Thu Sep 04 2014 00:00:00 GMT+0800 (China Standard Time),15.01,15.01,15.01,15.01,0,15.01,GALTU
Fri Sep 05 2014 00:00:00 GMT+0800 (China Standard Time),15.01,15.01,15.01,15.01,0,15.01,GALTU
Mon Sep 08 2014 00:00:00 GMT+0800 (China Standard Time),15.01,15.01,15.01,15.01,0,15.01,GALTU
Tue Sep 09 2014 00:00:00 GMT+0800 (China Standard Time),15.01,15.01,15.01,15.01,0,15.01,GALTU
Wed Sep 10 2014 00:00:00 GMT+0800 (China Standard Time),14.78,14.78,14.78,14.78,100,14.78,GALTU
Thu Sep 11 2014 00:00:00 GMT+0800 (China Standard Time),14.78,14.78,14.78,14.78,0,14.78,GALTU
Fri Sep 12 2014 00:00:00 GMT+0800 (China Standard Time),16.25,16.25,16,16,200,16,GALTU
Mon Sep 15 2014 00:00:00 GMT+0800 (China Standard Time),14.27,14.27,14.27,14.27,200,14.27,GALTU
Tue Sep 16 2014 00:00:00 GMT+0800 (China Standard Time),14.27,14.27,14.27,14.27,0,14.27,GALTU
Wed Sep 17 2014 00:00:00 GMT+0800 (China Standard Time),14.61,14.61,14.55,14.55,200,14.55,GALTU
Thu Sep 18 2014 00:00:00 GMT+0800 (China Standard Time),14.55,14.55,14.55,14.55,0,14.55,GALTU
Fri Sep 19 2014 00:00:00 GMT+0800 (China Standard Time),14.55,14.55,14.55,14.55,0,14.55,GALTU
Mon Sep 22 2014 00:00:00 GMT+0800 (China Standard Time),14.55,14.55,14.55,14.55,0,14.55,GALTU
Tue Sep 23 2014 00:00:00 GMT+0800 (China Standard Time),12.2,12.2,11.99,11.99,200,11.99,GALTU
Wed Sep 24 2014 00:00:00 GMT+0800 (China Standard Time),11.99,11.99,11.99,11.99,0,11.99,GALTU
Thu Sep 25 2014 00:00:00 GMT+0800 (China Standard Time),11.99,11.99,11.99,11.99,0,11.99,GALTU
Fri Sep 26 2014 00:00:00 GMT+0800 (China Standard Time),11.99,11.99,11.99,11.99,0,11.99,GALTU
Mon Sep 29 2014 00:00:00 GMT+0800 (China Standard Time),11.99,11.99,11.99,11.99,0,11.99,GALTU
Tue Sep 30 2014 00:00:00 GMT+0800 (China Standard Time),11.99,11.99,11.99,11.99,0,11.99,GALTU
Wed Oct 01 2014 00:00:00 GMT+0800 (China Standard Time),11.99,11.99,11.99,11.99,0,11.99,GALTU
Thu Oct 02 2014 00:00:00 GMT+0800 (China Standard Time),11.99,11.99,11.99,11.99,0,11.99,GALTU
Fri Oct 03 2014 00:00:00 GMT+0800 (China Standard Time),11.99,11.99,11.99,11.99,0,11.99,GALTU
Mon Oct 06 2014 00:00:00 GMT+0800 (China Standard Time),11.99,11.99,11.99,11.99,0,11.99,GALTU
Tue Oct 07 2014 00:00:00 GMT+0800 (China Standard Time),11.99,11.99,11.99,11.99,0,11.99,GALTU
Wed Oct 08 2014 00:00:00 GMT+0800 (China Standard Time),11.99,11.99,11.99,11.99,0,11.99,GALTU
Thu Oct 09 2014 00:00:00 GMT+0800 (China Standard Time),11.99,11.99,11.99,11.99,0,11.99,GALTU
Fri Oct 10 2014 00:00:00 GMT+0800 (China Standard Time),11.99,11.99,11.99,11.99,0,11.99,GALTU
Mon Oct 13 2014 00:00:00 GMT+0800 (China Standard Time),11.99,11.99,11.99,11.99,0,11.99,GALTU
Tue Oct 14 2014 00:00:00 GMT+0800 (China Standard Time),11.99,11.99,11.99,11.99,0,11.99,GALTU
Wed Oct 15 2014 00:00:00 GMT+0800 (China Standard Time),11.99,11.99,11.99,11.99,0,11.99,GALTU
Thu Oct 16 2014 00:00:00 GMT+0800 (China Standard Time),11.99,11.99,11.99,11.99,0,11.99,GALTU
Fri Oct 17 2014 00:00:00 GMT+0800 (China Standard Time),11.99,11.99,11.99,11.99,0,11.99,GALTU
Mon Oct 20 2014 00:00:00 GMT+0800 (China Standard Time),11.99,11.99,11.99,11.99,0,11.99,GALTU
Tue Oct 21 2014 00:00:00 GMT+0800 (China Standard Time),11.99,11.99,11.99,11.99,0,11.99,GALTU
Wed Oct 22 2014 00:00:00 GMT+0800 (China Standard Time),11.99,11.99,11.99,11.99,0,11.99,GALTU
Thu Oct 23 2014 00:00:00 GMT+0800 (China Standard Time),9.59,10,9.59,9.94,1800,9.94,GALTU
Fri Oct 24 2014 00:00:00 GMT+0800 (China Standard Time),9.94,9.94,9.94,9.94,0,9.94,GALTU
Mon Oct 27 2014 00:00:00 GMT+0800 (China Standard Time),9.94,9.94,9.94,9.94,0,9.94,GALTU
Tue Oct 28 2014 00:00:00 GMT+0800 (China Standard Time),9.94,9.94,9.94,9.94,0,9.94,GALTU
Wed Oct 29 2014 00:00:00 GMT+0800 (China Standard Time),9.94,9.94,9.94,9.94,0,9.94,GALTU
Thu Oct 30 2014 00:00:00 GMT+0800 (China Standard Time),12.72,13.7,12.72,13.65,1100,13.65,GALTU
Fri Oct 31 2014 00:00:00 GMT+0800 (China Standard Time),13.76,13.76,13.76,13.76,300,13.76,GALTU
Mon Nov 03 2014 00:00:00 GMT+0800 (China Standard Time),12.57,13.28,12.57,13.28,200,13.28,GALTU
Tue Nov 04 2014 00:00:00 GMT+0800 (China Standard Time),13.28,13.28,13.28,13.28,0,13.28,GALTU
Wed Nov 05 2014 00:00:00 GMT+0800 (China Standard Time),13.28,13.28,13.28,13.28,0,13.28,GALTU
Thu Nov 06 2014 00:00:00 GMT+0800 (China Standard Time),13.28,13.28,13.28,13.28,0,13.28,GALTU
Fri Nov 07 2014 00:00:00 GMT+0800 (China Standard Time),13.28,13.28,13.28,13.28,0,13.28,GALTU
Mon Nov 10 2014 00:00:00 GMT+0800 (China Standard Time),13.28,13.28,13.28,13.28,0,13.28,GALTU
Tue Nov 11 2014 00:00:00 GMT+0800 (China Standard Time),13.28,13.28,13.28,13.28,0,13.28,GALTU
Wed Nov 12 2014 00:00:00 GMT+0800 (China Standard Time),13.28,13.28,13.28,13.28,0,13.28,GALTU
Thu Nov 13 2014 00:00:00 GMT+0800 (China Standard Time),13.28,13.28,13.28,13.28,0,13.28,GALTU
Fri Nov 14 2014 00:00:00 GMT+0800 (China Standard Time),13.28,13.28,13.28,13.28,0,13.28,GALTU
Mon Nov 17 2014 00:00:00 GMT+0800 (China Standard Time),13.28,13.28,13.28,13.28,0,13.28,GALTU
Tue Nov 18 2014 00:00:00 GMT+0800 (China Standard Time),13.28,13.28,13.28,13.28,0,13.28,GALTU
Wed Nov 19 2014 00:00:00 GMT+0800 (China Standard Time),13.28,13.28,13.28,13.28,0,13.28,GALTU
Thu Nov 20 2014 00:00:00 GMT+0800 (China Standard Time),13.28,13.28,13.28,13.28,0,13.28,GALTU
Fri Nov 21 2014 00:00:00 GMT+0800 (China Standard Time),13.28,13.28,13.28,13.28,0,13.28,GALTU
Mon Nov 24 2014 00:00:00 GMT+0800 (China Standard Time),13.28,13.28,13.28,13.28,0,13.28,GALTU
Tue Nov 25 2014 00:00:00 GMT+0800 (China Standard Time),13.28,13.28,13.28,13.28,0,13.28,GALTU
Wed Nov 26 2014 00:00:00 GMT+0800 (China Standard Time),13.28,13.28,13.28,13.28,0,13.28,GALTU
Fri Nov 28 2014 00:00:00 GMT+0800 (China Standard Time),13.28,13.28,13.28,13.28,0,13.28,GALTU
Mon Dec 01 2014 00:00:00 GMT+0800 (China Standard Time),13.28,13.28,13.28,13.28,0,13.28,GALTU
Tue Dec 02 2014 00:00:00 GMT+0800 (China Standard Time),9.57,9.57,9.57,9.57,600,9.57,GALTU
Wed Dec 03 2014 00:00:00 GMT+0800 (China Standard Time),9.57,9.57,9.57,9.57,0,9.57,GALTU
Thu Dec 04 2014 00:00:00 GMT+0800 (China Standard Time),9.57,9.57,9.57,9.57,0,9.57,GALTU
Fri Dec 05 2014 00:00:00 GMT+0800 (China Standard Time),9.57,9.57,9.57,9.57,0,9.57,GALTU
Mon Dec 08 2014 00:00:00 GMT+0800 (China Standard Time),8.94,8.94,8.94,8.94,100,8.94,GALTU
Tue Dec 09 2014 00:00:00 GMT+0800 (China Standard Time),8.55,9.03,8.55,9.03,300,9.03,GALTU
Wed Dec 10 2014 00:00:00 GMT+0800 (China Standard Time),9.03,9.03,9.03,9.03,0,9.03,GALTU
Thu Dec 11 2014 00:00:00 GMT+0800 (China Standard Time),9.03,9.03,9.03,9.03,0,9.03,GALTU
Fri Dec 12 2014 00:00:00 GMT+0800 (China Standard Time),9.03,9.03,9.03,9.03,0,9.03,GALTU
Mon Dec 15 2014 00:00:00 GMT+0800 (China Standard Time),9.03,9.03,9.03,9.03,0,9.03,GALTU
Tue Dec 16 2014 00:00:00 GMT+0800 (China Standard Time),9.03,9.03,9.03,9.03,0,9.03,GALTU
Wed Dec 17 2014 00:00:00 GMT+0800 (China Standard Time),9.03,9.03,9.03,9.03,0,9.03,GALTU
Thu Dec 18 2014 00:00:00 GMT+0800 (China Standard Time),9.03,9.03,9.03,9.03,0,9.03,GALTU
Fri Dec 19 2014 00:00:00 GMT+0800 (China Standard Time),9.03,9.03,9.03,9.03,0,9.03,GALTU
Mon Dec 22 2014 00:00:00 GMT+0800 (China Standard Time),9.03,9.03,9.03,9.03,0,9.03,GALTU
Tue Dec 23 2014 00:00:00 GMT+0800 (China Standard Time),9.03,9.03,9.03,9.03,0,9.03,GALTU
Wed Dec 24 2014 00:00:00 GMT+0800 (China Standard Time),179.5,179.5,179.5,179.5,0,179.5,GALTU
Fri Dec 26 2014 00:00:00 GMT+0800 (China Standard Time),9.03,9.03,9.03,9.03,0,9.03,GALTU
Mon Dec 29 2014 00:00:00 GMT+0800 (China Standard Time),9.03,9.03,9.03,9.03,0,9.03,GALTU
Tue Dec 30 2014 00:00:00 GMT+0800 (China Standard Time),9.03,9.03,9.03,9.03,100,9.03,GALTU
Wed Dec 31 2014 00:00:00 GMT+0800 (China Standard Time),9.03,9.03,9.03,9.03,0,9.03,GALTU
Fri Jan 02 2015 00:00:00 GMT+0800 (China Standard Time),9.03,9.03,9.03,9.03,0,9.03,GALTU
Mon Jan 05 2015 00:00:00 GMT+0800 (China Standard Time),9.03,9.03,9.03,9.03,0,9.03,GALTU
Tue Jan 06 2015 00:00:00 GMT+0800 (China Standard Time),9.03,9.03,9.03,9.03,0,9.03,GALTU
Wed Jan 07 2015 00:00:00 GMT+0800 (China Standard Time),9.03,9.03,9.03,9.03,0,9.03,GALTU
Thu Jan 08 2015 00:00:00 GMT+0800 (China Standard Time),9.03,9.03,9.03,9.03,0,9.03,GALTU
Fri Jan 09 2015 00:00:00 GMT+0800 (China Standard Time),9.03,9.03,9.03,9.03,0,9.03,GALTU
Mon Jan 12 2015 00:00:00 GMT+0800 (China Standard Time),9.03,9.03,9.03,9.03,0,9.03,GALTU
Tue Jan 13 2015 00:00:00 GMT+0800 (China Standard Time),9.03,9.03,9.03,9.03,0,9.03,GALTU
Wed Jan 14 2015 00:00:00 GMT+0800 (China Standard Time),9.03,9.03,9.03,9.03,0,9.03,GALTU
Thu Jan 15 2015 00:00:00 GMT+0800 (China Standard Time),9.03,9.03,9.03,9.03,0,9.03,GALTU
Fri Jan 16 2015 00:00:00 GMT+0800 (China Standard Time),9.03,9.03,9.03,9.03,0,9.03,GALTU
Tue Jan 20 2015 00:00:00 GMT+0800 (China Standard Time),9.03,9.03,9.03,9.03,0,9.03,GALTU
Wed Jan 21 2015 00:00:00 GMT+0800 (China Standard Time),9.03,9.03,9.03,9.03,0,9.03,GALTU
Thu Jan 22 2015 00:00:00 GMT+0800 (China Standard Time),9.03,9.03,9.03,9.03,0,9.03,GALTU
Fri Jan 23 2015 00:00:00 GMT+0800 (China Standard Time),9.03,9.03,9.03,9.03,0,9.03,GALTU
Mon Jan 26 2015 00:00:00 GMT+0800 (China Standard Time),9.03,9.03,9.03,9.03,0,9.03,GALTU
Tue Jan 27 2015 00:00:00 GMT+0800 (China Standard Time),8.47,8.47,8.42,8.42,200,8.42,GALTU
Wed Jan 28 2015 00:00:00 GMT+0800 (China Standard Time),8.42,8.42,8.42,8.42,0,8.42,GALTU
Thu Jan 29 2015 00:00:00 GMT+0800 (China Standard Time),8.42,8.42,8.42,8.42,0,8.42,GALTU
Fri Jan 30 2015 00:00:00 GMT+0800 (China Standard Time),8.42,8.42,8.42,8.42,0,8.42,GALTU
Mon Feb 02 2015 00:00:00 GMT+0800 (China Standard Time),8.42,8.42,8.42,8.42,0,8.42,GALTU
Tue Feb 03 2015 00:00:00 GMT+0800 (China Standard Time),7.7,7.7,7.7,7.7,100,7.7,GALTU
Wed Feb 04 2015 00:00:00 GMT+0800 (China Standard Time),7.7,7.7,7.7,7.7,0,7.7,GALTU
Thu Feb 05 2015 00:00:00 GMT+0800 (China Standard Time),7.7,7.7,7.7,7.7,0,7.7,GALTU
Fri Feb 06 2015 00:00:00 GMT+0800 (China Standard Time),7.7,7.7,7.7,7.7,0,7.7,GALTU
Mon Feb 09 2015 00:00:00 GMT+0800 (China Standard Time),7.7,7.7,7.7,7.7,0,7.7,GALTU
Tue Feb 10 2015 00:00:00 GMT+0800 (China Standard Time),7.7,7.7,7.7,7.7,0,7.7,GALTU
Wed Feb 11 2015 00:00:00 GMT+0800 (China Standard Time),7.7,7.7,7.7,7.7,0,7.7,GALTU
Thu Feb 12 2015 00:00:00 GMT+0800 (China Standard Time),7.7,7.7,7.7,7.7,0,7.7,GALTU
Fri Feb 13 2015 00:00:00 GMT+0800 (China Standard Time),7.7,7.7,7.7,7.7,0,7.7,GALTU
Tue Feb 17 2015 00:00:00 GMT+0800 (China Standard Time),7.7,7.7,7.7,7.7,0,7.7,GALTU
Wed Feb 18 2015 00:00:00 GMT+0800 (China Standard Time),7.7,7.7,7.7,7.7,0,7.7,GALTU
Thu Feb 19 2015 00:00:00 GMT+0800 (China Standard Time),7.7,7.7,7.7,7.7,0,7.7,GALTU
Fri Feb 20 2015 00:00:00 GMT+0800 (China Standard Time),7.7,7.7,7.7,7.7,0,7.7,GALTU
Mon Feb 23 2015 00:00:00 GMT+0800 (China Standard Time),7.7,7.7,7.7,7.7,0,7.7,GALTU
Tue Feb 24 2015 00:00:00 GMT+0800 (China Standard Time),7.7,7.7,7.7,7.7,0,7.7,GALTU
Wed Feb 25 2015 00:00:00 GMT+0800 (China Standard Time),7.7,7.7,7.7,7.7,0,7.7,GALTU
Thu Feb 26 2015 00:00:00 GMT+0800 (China Standard Time),7.7,7.7,7.7,7.7,0,7.7,GALTU
Fri Feb 27 2015 00:00:00 GMT+0800 (China Standard Time),7.7,7.7,7.7,7.7,0,7.7,GALTU
Mon Mar 02 2015 00:00:00 GMT+0800 (China Standard Time),7.7,7.7,7.7,7.7,0,7.7,GALTU
Tue Mar 03 2015 00:00:00 GMT+0800 (China Standard Time),7.7,7.7,7.7,7.7,0,7.7,GALTU
Wed Mar 04 2015 00:00:00 GMT+0800 (China Standard Time),7.7,7.7,7.7,7.7,0,7.7,GALTU
Thu Mar 05 2015 00:00:00 GMT+0800 (China Standard Time),7.7,7.7,7.7,7.7,0,7.7,GALTU
Fri Mar 06 2015 00:00:00 GMT+0800 (China Standard Time),7.7,7.7,7.7,7.7,0,7.7,GALTU
Mon Mar 09 2015 00:00:00 GMT+0800 (China Standard Time),7.7,7.7,7.7,7.7,0,7.7,GALTU
Tue Mar 10 2015 00:00:00 GMT+0800 (China Standard Time),7.7,7.7,7.7,7.7,0,7.7,GALTU
Wed Mar 11 2015 00:00:00 GMT+0800 (China Standard Time),7.7,7.7,7.7,7.7,0,7.7,GALTU
Thu Mar 12 2015 00:00:00 GMT+0800 (China Standard Time),7.7,7.7,7.7,7.7,0,7.7,GALTU
Fri Mar 13 2015 00:00:00 GMT+0800 (China Standard Time),7.7,7.7,7.7,7.7,0,7.7,GALTU
Mon Mar 16 2015 00:00:00 GMT+0800 (China Standard Time),7.7,7.7,7.7,7.7,0,7.7,GALTU
Tue Mar 17 2015 00:00:00 GMT+0800 (China Standard Time),7.7,7.7,7.7,7.7,0,7.7,GALTU
Wed Mar 18 2015 00:00:00 GMT+0800 (China Standard Time),7.7,7.7,7.7,7.7,0,7.7,GALTU
Thu Mar 19 2015 00:00:00 GMT+0800 (China Standard Time),7.7,7.7,7.7,7.7,0,7.7,GALTU
Fri Mar 20 2015 00:00:00 GMT+0800 (China Standard Time),7.7,7.7,7.7,7.7,0,7.7,GALTU
Mon Mar 23 2015 00:00:00 GMT+0800 (China Standard Time),7.7,7.7,7.7,7.7,0,7.7,GALTU
Tue Mar 24 2015 00:00:00 GMT+0800 (China Standard Time),7.7,7.7,7.7,7.7,0,7.7,GALTU
Wed Mar 25 2015 00:00:00 GMT+0800 (China Standard Time),7.7,7.7,7.7,7.7,0,7.7,GALTU
Thu Mar 26 2015 00:00:00 GMT+0800 (China Standard Time),7.7,7.7,7.7,7.7,0,7.7,GALTU
Fri Mar 27 2015 00:00:00 GMT+0800 (China Standard Time),7.7,7.7,7.7,7.7,0,7.7,GALTU
Mon Mar 30 2015 00:00:00 GMT+0800 (China Standard Time),7.7,7.7,7.7,7.7,0,7.7,GALTU
Tue Mar 31 2015 00:00:00 GMT+0800 (China Standard Time),7.7,7.7,7.7,7.7,0,7.7,GALTU
Wed Apr 01 2015 00:00:00 GMT+0800 (China Standard Time),7.7,7.7,7.7,7.7,0,7.7,GALTU
Thu Apr 02 2015 00:00:00 GMT+0800 (China Standard Time),7.7,7.7,7.7,7.7,0,7.7,GALTU
Mon Apr 06 2015 00:00:00 GMT+0800 (China Standard Time),7.7,7.7,7.7,7.7,0,7.7,GALTU
Tue Apr 07 2015 00:00:00 GMT+0800 (China Standard Time),7.7,7.7,7.7,7.7,0,7.7,GALTU
Wed Apr 08 2015 00:00:00 GMT+0800 (China Standard Time),7.7,7.7,7.7,7.7,0,7.7,GALTU
Thu Apr 09 2015 00:00:00 GMT+0800 (China Standard Time),7.7,7.7,7.7,7.7,0,7.7,GALTU
Fri Apr 10 2015 00:00:00 GMT+0800 (China Standard Time),7.7,7.7,7.7,7.7,0,7.7,GALTU
Mon Apr 13 2015 00:00:00 GMT+0800 (China Standard Time),7.95,8.08,7.95,8.08,400,8.08,GALTU
Tue Apr 14 2015 00:00:00 GMT+0800 (China Standard Time),8.08,8.08,8.08,8.08,0,8.08,GALTU
Wed Apr 15 2015 00:00:00 GMT+0800 (China Standard Time),8,8,7.95,7.95,300,7.95,GALTU
Thu Apr 16 2015 00:00:00 GMT+0800 (China Standard Time),8.05,8.05,8.05,8.05,300,8.05,GALTU
Fri Apr 17 2015 00:00:00 GMT+0800 (China Standard Time),8.05,8.05,8.05,8.05,0,8.05,GALTU
Mon Apr 20 2015 00:00:00 GMT+0800 (China Standard Time),8.05,8.05,8.05,8.05,0,8.05,GALTU
Tue Apr 21 2015 00:00:00 GMT+0800 (China Standard Time),8.05,8.05,8.05,8.05,0,8.05,GALTU
Wed Apr 22 2015 00:00:00 GMT+0800 (China Standard Time),8.05,8.05,8.05,8.05,0,8.05,GALTU
Thu Apr 23 2015 00:00:00 GMT+0800 (China Standard Time),8.05,8.05,8.05,8.05,0,8.05,GALTU
Fri Apr 24 2015 00:00:00 GMT+0800 (China Standard Time),8.05,8.05,8.05,8.05,0,8.05,GALTU
Mon Apr 27 2015 00:00:00 GMT+0800 (China Standard Time),8.05,8.05,8.05,8.05,0,8.05,GALTU
Tue Apr 28 2015 00:00:00 GMT+0800 (China Standard Time),8.05,8.05,8.05,8.05,0,8.05,GALTU
Wed Apr 29 2015 00:00:00 GMT+0800 (China Standard Time),8.05,8.05,8.05,8.05,0,8.05,GALTU
Thu Apr 30 2015 00:00:00 GMT+0800 (China Standard Time),8.05,8.05,8.05,8.05,0,8.05,GALTU
Fri May 01 2015 00:00:00 GMT+0800 (China Standard Time),8.05,8.05,8.05,8.05,0,8.05,GALTU
Mon May 04 2015 00:00:00 GMT+0800 (China Standard Time),8.05,8.05,8.05,8.05,0,8.05,GALTU
Tue May 05 2015 00:00:00 GMT+0800 (China Standard Time),8.05,8.05,8.05,8.05,0,8.05,GALTU
Wed May 06 2015 00:00:00 GMT+0800 (China Standard Time),8.05,8.05,8.05,8.05,0,8.05,GALTU
Thu May 07 2015 00:00:00 GMT+0800 (China Standard Time),8.05,8.05,8.05,8.05,0,8.05,GALTU
Fri May 08 2015 00:00:00 GMT+0800 (China Standard Time),8.05,8.05,8.05,8.05,0,8.05,GALTU
Mon May 11 2015 00:00:00 GMT+0800 (China Standard Time),8.05,8.05,8.05,8.05,0,8.05,GALTU
Tue May 12 2015 00:00:00 GMT+0800 (China Standard Time),8.05,8.05,8.05,8.05,0,8.05,GALTU
Wed May 13 2015 00:00:00 GMT+0800 (China Standard Time),8.05,8.05,8.05,8.05,0,8.05,GALTU
Thu May 14 2015 00:00:00 GMT+0800 (China Standard Time),8.05,8.05,8.05,8.05,0,8.05,GALTU
Fri May 15 2015 00:00:00 GMT+0800 (China Standard Time),8.05,8.05,8.05,8.05,0,8.05,GALTU
Mon May 18 2015 00:00:00 GMT+0800 (China Standard Time),8.05,8.05,8.05,8.05,0,8.05,GALTU
Tue May 19 2015 00:00:00 GMT+0800 (China Standard Time),8.05,8.05,8.05,8.05,0,8.05,GALTU
Wed May 20 2015 00:00:00 GMT+0800 (China Standard Time),8.05,8.05,8.05,8.05,0,8.05,GALTU
Thu May 21 2015 00:00:00 GMT+0800 (China Standard Time),8.05,8.05,8.05,8.05,0,8.05,GALTU
Fri May 22 2015 00:00:00 GMT+0800 (China Standard Time),8.05,8.05,8.05,8.05,0,8.05,GALTU
Tue May 26 2015 00:00:00 GMT+0800 (China Standard Time),8.05,8.05,8.05,8.05,0,8.05,GALTU
Wed May 27 2015 00:00:00 GMT+0800 (China Standard Time),8.05,8.05,8.05,8.05,0,8.05,GALTU
Thu May 28 2015 00:00:00 GMT+0800 (China Standard Time),8.05,8.05,8.05,8.05,0,8.05,GALTU
Fri May 29 2015 00:00:00 GMT+0800 (China Standard Time),8.05,8.05,8.05,8.05,0,8.05,GALTU
Mon Jun 01 2015 00:00:00 GMT+0800 (China Standard Time),8.05,8.05,8.05,8.05,0,8.05,GALTU
Tue Jun 02 2015 00:00:00 GMT+0800 (China Standard Time),8.05,8.05,8.05,8.05,0,8.05,GALTU
Wed Jun 03 2015 00:00:00 GMT+0800 (China Standard Time),8.05,8.05,8.05,8.05,0,8.05,GALTU
Thu Jun 04 2015 00:00:00 GMT+0800 (China Standard Time),8.05,8.05,8.05,8.05,0,8.05,GALTU
Fri Jun 05 2015 00:00:00 GMT+0800 (China Standard Time),8.05,8.05,8.05,8.05,0,8.05,GALTU
Mon Jun 08 2015 00:00:00 GMT+0800 (China Standard Time),8.05,8.05,8.05,8.05,0,8.05,GALTU
Tue Jun 09 2015 00:00:00 GMT+0800 (China Standard Time),8.05,8.05,8.05,8.05,0,8.05,GALTU
Wed Jun 10 2015 00:00:00 GMT+0800 (China Standard Time),8.05,8.05,8.05,8.05,0,8.05,GALTU
Thu Jun 11 2015 00:00:00 GMT+0800 (China Standard Time),8.05,8.05,8.05,8.05,0,8.05,GALTU
Fri Jun 12 2015 00:00:00 GMT+0800 (China Standard Time),8.05,8.05,8.05,8.05,0,8.05,GALTU
Mon Jun 15 2015 00:00:00 GMT+0800 (China Standard Time),8.05,8.05,8.05,8.05,0,8.05,GALTU
Tue Jun 16 2015 00:00:00 GMT+0800 (China Standard Time),8.05,8.05,8.05,8.05,0,8.05,GALTU
Wed Jun 17 2015 00:00:00 GMT+0800 (China Standard Time),8.05,8.05,8.05,8.05,0,8.05,GALTU
Thu Jun 18 2015 00:00:00 GMT+0800 (China Standard Time),8.05,8.05,8.05,8.05,0,8.05,GALTU
Fri Jun 19 2015 00:00:00 GMT+0800 (China Standard Time),8.05,8.05,8.05,8.05,0,8.05,GALTU
Mon Jun 22 2015 00:00:00 GMT+0800 (China Standard Time),7.07,7.07,7.07,7.07,100,7.07,GALTU
Tue Jun 23 2015 00:00:00 GMT+0800 (China Standard Time),7.07,7.07,7.07,7.07,0,7.07,GALTU
Wed Jun 24 2015 00:00:00 GMT+0800 (China Standard Time),7.07,7.07,7.07,7.07,0,7.07,GALTU
Thu Jun 25 2015 00:00:00 GMT+0800 (China Standard Time),7.07,7.07,7.07,7.07,0,7.07,GALTU
Fri Jun 26 2015 00:00:00 GMT+0800 (China Standard Time),7.07,7.07,7.07,7.07,0,7.07,GALTU
Mon Jun 29 2015 00:00:00 GMT+0800 (China Standard Time),7.07,7.07,7.07,7.07,0,7.07,GALTU
Tue Jun 30 2015 00:00:00 GMT+0800 (China Standard Time),7.07,7.07,7.07,7.07,0,7.07,GALTU
Wed Jul 01 2015 00:00:00 GMT+0800 (China Standard Time),7.07,7.07,7.07,7.07,0,7.07,GALTU
Thu Jul 02 2015 00:00:00 GMT+0800 (China Standard Time),7.07,7.07,7.07,7.07,0,7.07,GALTU
Mon Jul 06 2015 00:00:00 GMT+0800 (China Standard Time),7.07,7.07,7.07,7.07,0,7.07,GALTU
Tue Jul 07 2015 00:00:00 GMT+0800 (China Standard Time),5.79,5.79,5.79,5.79,200,5.79,GALTU
Wed Jul 08 2015 00:00:00 GMT+0800 (China Standard Time),5.79,5.79,5.79,5.79,0,5.79,GALTU
Thu Jul 09 2015 00:00:00 GMT+0800 (China Standard Time),5.79,5.79,5.79,5.79,0,5.79,GALTU
Fri Jul 10 2015 00:00:00 GMT+0800 (China Standard Time),5.79,5.79,5.79,5.79,0,5.79,GALTU
Mon Jul 13 2015 00:00:00 GMT+0800 (China Standard Time),5.79,5.79,5.79,5.79,0,5.79,GALTU
Tue Jul 14 2015 00:00:00 GMT+0800 (China Standard Time),5.79,5.79,5.79,5.79,0,5.79,GALTU
Wed Jul 15 2015 00:00:00 GMT+0800 (China Standard Time),5.79,5.79,5.79,5.79,0,5.79,GALTU
Thu Jul 16 2015 00:00:00 GMT+0800 (China Standard Time),5.79,5.79,5.79,5.79,0,5.79,GALTU
Fri Jul 17 2015 00:00:00 GMT+0800 (China Standard Time),5.79,5.79,5.79,5.79,0,5.79,GALTU
Mon Jul 20 2015 00:00:00 GMT+0800 (China Standard Time),5.79,5.79,5.79,5.79,0,5.79,GALTU
Tue Jul 21 2015 00:00:00 GMT+0800 (China Standard Time),5.79,5.79,5.79,5.79,0,5.79,GALTU
Wed Jul 22 2015 00:00:00 GMT+0800 (China Standard Time),5.79,5.79,5.79,5.79,0,5.79,GALTU
Thu Jul 23 2015 00:00:00 GMT+0800 (China Standard Time),5.79,5.79,5.79,5.79,0,5.79,GALTU
Fri Jul 24 2015 00:00:00 GMT+0800 (China Standard Time),5.79,5.79,5.79,5.79,0,5.79,GALTU
Mon Jul 27 2015 00:00:00 GMT+0800 (China Standard Time),5.79,5.79,5.79,5.79,0,5.79,GALTU
Tue Jul 28 2015 00:00:00 GMT+0800 (China Standard Time),5.79,5.79,5.79,5.79,0,5.79,GALTU
Wed Jul 29 2015 00:00:00 GMT+0800 (China Standard Time),5.79,5.79,5.79,5.79,0,5.79,GALTU
Thu Jul 30 2015 00:00:00 GMT+0800 (China Standard Time),5.79,5.79,5.79,5.79,0,5.79,GALTU
Fri Jul 31 2015 00:00:00 GMT+0800 (China Standard Time),5.79,5.79,5.79,5.79,0,5.79,GALTU
Mon Aug 03 2015 00:00:00 GMT+0800 (China Standard Time),5.79,5.79,5.79,5.79,0,5.79,GALTU
Tue Aug 04 2015 00:00:00 GMT+0800 (China Standard Time),5.79,5.79,5.79,5.79,0,5.79,GALTU
Wed Aug 05 2015 00:00:00 GMT+0800 (China Standard Time),5.79,5.79,5.79,5.79,0,5.79,GALTU
Thu Aug 06 2015 00:00:00 GMT+0800 (China Standard Time),5.79,5.79,5.79,5.79,0,5.79,GALTU
Fri Aug 07 2015 00:00:00 GMT+0800 (China Standard Time),5.79,5.79,5.79,5.79,0,5.79,GALTU
Mon Aug 10 2015 00:00:00 GMT+0800 (China Standard Time),5.79,5.79,5.79,5.79,0,5.79,GALTU
Tue Aug 11 2015 00:00:00 GMT+0800 (China Standard Time),5.79,5.79,5.79,5.79,0,5.79,GALTU
Wed Aug 12 2015 00:00:00 GMT+0800 (China Standard Time),5.79,5.79,5.79,5.79,0,5.79,GALTU
Thu Aug 13 2015 00:00:00 GMT+0800 (China Standard Time),5.79,5.79,5.79,5.79,0,5.79,GALTU
Fri Aug 14 2015 00:00:00 GMT+0800 (China Standard Time),5.79,5.79,5.79,5.79,0,5.79,GALTU
Mon Aug 17 2015 00:00:00 GMT+0800 (China Standard Time),5.79,5.79,5.79,5.79,0,5.79,GALTU
Tue Aug 18 2015 00:00:00 GMT+0800 (China Standard Time),5.79,5.79,5.79,5.79,0,5.79,GALTU
Wed Aug 19 2015 00:00:00 GMT+0800 (China Standard Time),5.79,5.79,5.79,5.79,0,5.79,GALTU
Thu Aug 20 2015 00:00:00 GMT+0800 (China Standard Time),5.79,5.79,5.79,5.79,0,5.79,GALTU
Fri Aug 21 2015 00:00:00 GMT+0800 (China Standard Time),5.79,5.79,5.79,5.79,0,5.79,GALTU
Mon Aug 24 2015 00:00:00 GMT+0800 (China Standard Time),5.79,5.79,5.79,5.79,0,5.79,GALTU
Tue Aug 25 2015 00:00:00 GMT+0800 (China Standard Time),5.79,5.79,5.79,5.79,0,5.79,GALTU
Wed Aug 26 2015 00:00:00 GMT+0800 (China Standard Time),5.79,5.79,5.79,5.79,0,5.79,GALTU
Thu Aug 27 2015 00:00:00 GMT+0800 (China Standard Time),5.79,5.79,5.79,5.79,0,5.79,GALTU
Fri Aug 28 2015 00:00:00 GMT+0800 (China Standard Time),5.79,5.79,5.79,5.79,0,5.79,GALTU
Mon Aug 31 2015 00:00:00 GMT+0800 (China Standard Time),5.79,5.79,5.79,5.79,0,5.79,GALTU
Tue Sep 01 2015 00:00:00 GMT+0800 (China Standard Time),5.79,5.79,5.79,5.79,0,5.79,GALTU
Wed Sep 02 2015 00:00:00 GMT+0800 (China Standard Time),3.77,5.19,3.77,5.19,700,5.19,GALTU
Thu Sep 03 2015 00:00:00 GMT+0800 (China Standard Time),5.19,5.19,5.19,5.19,0,5.19,GALTU
Fri Sep 04 2015 00:00:00 GMT+0800 (China Standard Time),5.19,5.19,5.19,5.19,0,5.19,GALTU
Tue Sep 08 2015 00:00:00 GMT+0800 (China Standard Time),5.19,5.19,5.19,5.19,0,5.19,GALTU
Wed Sep 09 2015 00:00:00 GMT+0800 (China Standard Time),5.19,5.19,5.19,5.19,0,5.19,GALTU
Thu Sep 10 2015 00:00:00 GMT+0800 (China Standard Time),10.01,10.01,7.05,7.05,1100,7.05,GALTU
Fri Sep 11 2015 00:00:00 GMT+0800 (China Standard Time),9.02,9.02,7.57,8.14,5200,8.14,GALTU
Mon Sep 14 2015 00:00:00 GMT+0800 (China Standard Time),8.14,8.14,8.14,8.14,0,8.14,GALTU
Tue Sep 15 2015 00:00:00 GMT+0800 (China Standard Time),8.14,8.14,8.14,8.14,0,8.14,GALTU
Wed Sep 16 2015 00:00:00 GMT+0800 (China Standard Time),4.64,8.66,4.64,7.75,4400,7.75,GALTU
Thu Sep 17 2015 00:00:00 GMT+0800 (China Standard Time),7.05,7.31,7.05,7.31,600,7.31,GALTU
Fri Sep 18 2015 00:00:00 GMT+0800 (China Standard Time),7.3,7.3,6.61,6.61,1000,6.61,GALTU
Mon Sep 21 2015 00:00:00 GMT+0800 (China Standard Time),6,6,6,6,400,6,GALTU
Tue Sep 22 2015 00:00:00 GMT+0800 (China Standard Time),6,6,6,6,0,6,GALTU
Wed Sep 23 2015 00:00:00 GMT+0800 (China Standard Time),6,6,6,6,0,6,GALTU
Thu Sep 24 2015 00:00:00 GMT+0800 (China Standard Time),6,6,6,6,0,6,GALTU
Fri Sep 25 2015 00:00:00 GMT+0800 (China Standard Time),6.49,6.49,6,6,700,6,GALTU
Mon Sep 28 2015 00:00:00 GMT+0800 (China Standard Time),6.04,6.04,6.04,6.04,100,6.04,GALTU
Tue Sep 29 2015 00:00:00 GMT+0800 (China Standard Time),6.04,6.04,6.04,6.04,0,6.04,GALTU
Wed Sep 30 2015 00:00:00 GMT+0800 (China Standard Time),6,6,6,6,100,6,GALTU
Thu Oct 01 2015 00:00:00 GMT+0800 (China Standard Time),5.76,5.76,5.76,5.76,900,5.76,GALTU
Fri Oct 02 2015 00:00:00 GMT+0800 (China Standard Time),5.81,5.81,5.81,5.81,1000,5.81,GALTU
Mon Oct 05 2015 00:00:00 GMT+0800 (China Standard Time),5.81,5.81,5.81,5.81,0,5.81,GALTU
Tue Oct 06 2015 00:00:00 GMT+0800 (China Standard Time),5.81,5.81,5.81,5.81,0,5.81,GALTU
Wed Oct 07 2015 00:00:00 GMT+0800 (China Standard Time),5.81,5.81,5.81,5.81,0,5.81,GALTU
Thu Oct 08 2015 00:00:00 GMT+0800 (China Standard Time),5.81,5.81,5.81,5.81,0,5.81,GALTU
Fri Oct 09 2015 00:00:00 GMT+0800 (China Standard Time),5.81,5.81,5.81,5.81,0,5.81,GALTU
Mon Oct 12 2015 00:00:00 GMT+0800 (China Standard Time),5.81,5.81,5.81,5.81,0,5.81,GALTU
Tue Oct 13 2015 00:00:00 GMT+0800 (China Standard Time),5.81,5.81,5.81,5.81,0,5.81,GALTU
Wed Oct 14 2015 00:00:00 GMT+0800 (China Standard Time),5.81,5.81,5.81,5.81,0,5.81,GALTU
Thu Oct 15 2015 00:00:00 GMT+0800 (China Standard Time),5.81,5.81,5.81,5.81,0,5.81,GALTU
Fri Oct 16 2015 00:00:00 GMT+0800 (China Standard Time),5.81,5.81,5.81,5.81,0,5.81,GALTU
Mon Oct 19 2015 00:00:00 GMT+0800 (China Standard Time),5.81,5.81,5.81,5.81,0,5.81,GALTU
Tue Oct 20 2015 00:00:00 GMT+0800 (China Standard Time),5.81,5.81,5.81,5.81,0,5.81,GALTU
Wed Oct 21 2015 00:00:00 GMT+0800 (China Standard Time),5.81,5.81,5.81,5.81,0,5.81,GALTU
Thu Oct 22 2015 00:00:00 GMT+0800 (China Standard Time),5.81,5.81,5.81,5.81,0,5.81,GALTU
Fri Oct 23 2015 00:00:00 GMT+0800 (China Standard Time),5.81,5.81,5.81,5.81,0,5.81,GALTU
Mon Oct 26 2015 00:00:00 GMT+0800 (China Standard Time),5.81,5.81,5.81,5.81,0,5.81,GALTU
Tue Oct 27 2015 00:00:00 GMT+0800 (China Standard Time),5.81,5.81,5.81,5.81,0,5.81,GALTU
Wed Oct 28 2015 00:00:00 GMT+0800 (China Standard Time),5.81,5.81,5.81,5.81,0,5.81,GALTU
Thu Oct 29 2015 00:00:00 GMT+0800 (China Standard Time),5.81,5.81,5.81,5.81,0,5.81,GALTU
Fri Oct 30 2015 00:00:00 GMT+0800 (China Standard Time),5.81,5.81,5.81,5.81,0,5.81,GALTU
Mon Nov 02 2015 00:00:00 GMT+0800 (China Standard Time),5.81,5.81,5.81,5.81,0,5.81,GALTU
Tue Nov 03 2015 00:00:00 GMT+0800 (China Standard Time),5.81,5.81,5.81,5.81,0,5.81,GALTU
Wed Nov 04 2015 00:00:00 GMT+0800 (China Standard Time),5.81,5.81,5.81,5.81,0,5.81,GALTU
Thu Nov 05 2015 00:00:00 GMT+0800 (China Standard Time),5.81,5.81,5.81,5.81,0,5.81,GALTU
Fri Nov 06 2015 00:00:00 GMT+0800 (China Standard Time),5.81,5.81,5.81,5.81,0,5.81,GALTU
Mon Nov 09 2015 00:00:00 GMT+0800 (China Standard Time),5.81,5.81,5.81,5.81,0,5.81,GALTU
Tue Nov 10 2015 00:00:00 GMT+0800 (China Standard Time),5.81,5.81,5.81,5.81,0,5.81,GALTU
Wed Nov 11 2015 00:00:00 GMT+0800 (China Standard Time),5.81,5.81,5.81,5.81,0,5.81,GALTU
Thu Nov 12 2015 00:00:00 GMT+0800 (China Standard Time),5.81,5.81,5.81,5.81,0,5.81,GALTU
Fri Nov 13 2015 00:00:00 GMT+0800 (China Standard Time),5.81,5.81,5.81,5.81,0,5.81,GALTU
Mon Nov 16 2015 00:00:00 GMT+0800 (China Standard Time),5.81,5.81,5.81,5.81,0,5.81,GALTU
Tue Nov 17 2015 00:00:00 GMT+0800 (China Standard Time),5.81,5.81,5.81,5.81,0,5.81,GALTU
Wed Nov 18 2015 00:00:00 GMT+0800 (China Standard Time),5.81,5.81,5.81,5.81,0,5.81,GALTU
Thu Nov 19 2015 00:00:00 GMT+0800 (China Standard Time),5.81,5.81,5.81,5.81,0,5.81,GALTU
Fri Nov 20 2015 00:00:00 GMT+0800 (China Standard Time),5.81,5.81,5.81,5.81,0,5.81,GALTU
Mon Nov 23 2015 00:00:00 GMT+0800 (China Standard Time),5.81,5.81,5.81,5.81,0,5.81,GALTU
Tue Nov 24 2015 00:00:00 GMT+0800 (China Standard Time),5.81,5.81,5.81,5.81,0,5.81,GALTU
Wed Nov 25 2015 00:00:00 GMT+0800 (China Standard Time),5.81,5.81,5.81,5.81,0,5.81,GALTU
Fri Nov 27 2015 00:00:00 GMT+0800 (China Standard Time),5.81,5.81,5.81,5.81,0,5.81,GALTU
Mon Nov 30 2015 00:00:00 GMT+0800 (China Standard Time),5.81,5.81,5.81,5.81,0,5.81,GALTU
Tue Dec 01 2015 00:00:00 GMT+0800 (China Standard Time),5.81,5.81,5.81,5.81,0,5.81,GALTU
Wed Dec 02 2015 00:00:00 GMT+0800 (China Standard Time),5.81,5.81,5.81,5.81,0,5.81,GALTU
Thu Dec 03 2015 00:00:00 GMT+0800 (China Standard Time),5.81,5.81,5.81,5.81,0,5.81,GALTU
Fri Dec 04 2015 00:00:00 GMT+0800 (China Standard Time),5.81,5.81,5.81,5.81,0,5.81,GALTU
Mon Dec 07 2015 00:00:00 GMT+0800 (China Standard Time),5.81,5.81,5.81,5.81,0,5.81,GALTU
Tue Dec 08 2015 00:00:00 GMT+0800 (China Standard Time),5.81,5.81,5.81,5.81,0,5.81,GALTU
Wed Dec 09 2015 00:00:00 GMT+0800 (China Standard Time),5.81,5.81,5.81,5.81,0,5.81,GALTU
Thu Dec 10 2015 00:00:00 GMT+0800 (China Standard Time),5.81,5.81,5.81,5.81,0,5.81,GALTU
Fri Dec 11 2015 00:00:00 GMT+0800 (China Standard Time),5.81,5.81,5.81,5.81,0,5.81,GALTU
Mon Dec 14 2015 00:00:00 GMT+0800 (China Standard Time),5.81,5.81,5.81,5.81,0,5.81,GALTU
Tue Dec 15 2015 00:00:00 GMT+0800 (China Standard Time),5.81,5.81,5.81,5.81,0,5.81,GALTU
Wed Dec 16 2015 00:00:00 GMT+0800 (China Standard Time),5.81,5.81,5.81,5.81,0,5.81,GALTU
Thu Dec 17 2015 00:00:00 GMT+0800 (China Standard Time),5.81,5.81,5.81,5.81,0,5.81,GALTU
Fri Dec 18 2015 00:00:00 GMT+0800 (China Standard Time),5.81,5.81,5.81,5.81,0,5.81,GALTU
Mon Dec 21 2015 00:00:00 GMT+0800 (China Standard Time),5.81,5.81,5.81,5.81,0,5.81,GALTU
Tue Dec 22 2015 00:00:00 GMT+0800 (China Standard Time),5.81,5.81,5.81,5.81,0,5.81,GALTU
Wed Dec 23 2015 00:00:00 GMT+0800 (China Standard Time),5.81,5.81,5.81,5.81,0,5.81,GALTU
Thu Dec 24 2015 00:00:00 GMT+0800 (China Standard Time),5.81,5.81,5.81,5.81,0,5.81,GALTU
Mon Dec 28 2015 00:00:00 GMT+0800 (China Standard Time),5.81,5.81,5.81,5.81,0,5.81,GALTU
Tue Dec 29 2015 00:00:00 GMT+0800 (China Standard Time),5.81,5.81,5.81,5.81,0,5.81,GALTU
Wed Dec 30 2015 00:00:00 GMT+0800 (China Standard Time),5.81,5.81,5.81,5.81,0,5.81,GALTU
Thu Dec 31 2015 00:00:00 GMT+0800 (China Standard Time),5.81,5.81,5.81,5.81,0,5.81,GALTU
Mon Jan 04 2016 00:00:00 GMT+0800 (China Standard Time),5.81,5.81,5.81,5.81,0,5.81,GALTU
Tue Jan 05 2016 00:00:00 GMT+0800 (China Standard Time),4.19,4.19,4.19,4.19,100,4.19,GALTU
Wed Jan 06 2016 00:00:00 GMT+0800 (China Standard Time),4.19,4.19,4.19,4.19,0,4.19,GALTU
Thu Jan 07 2016 00:00:00 GMT+0800 (China Standard Time),4.19,4.19,4.19,4.19,0,4.19,GALTU
Fri Jan 08 2016 00:00:00 GMT+0800 (China Standard Time),4.19,4.19,4.19,4.19,0,4.19,GALTU
Mon Jan 11 2016 00:00:00 GMT+0800 (China Standard Time),4.19,4.19,4.19,4.19,0,4.19,GALTU
Tue Jan 12 2016 00:00:00 GMT+0800 (China Standard Time),4.19,4.19,4.19,4.19,0,4.19,GALTU
Wed Jan 13 2016 00:00:00 GMT+0800 (China Standard Time),4.19,4.19,4.19,4.19,0,4.19,GALTU
Thu Jan 14 2016 00:00:00 GMT+0800 (China Standard Time),4.19,4.19,4.19,4.19,0,4.19,GALTU
Fri Jan 15 2016 00:00:00 GMT+0800 (China Standard Time),4.19,4.19,4.19,4.19,0,4.19,GALTU
Tue Jan 19 2016 00:00:00 GMT+0800 (China Standard Time),4.19,4.19,4.19,4.19,0,4.19,GALTU
Wed Jan 20 2016 00:00:00 GMT+0800 (China Standard Time),4.19,4.19,4.19,4.19,0,4.19,GALTU
Thu Jan 21 2016 00:00:00 GMT+0800 (China Standard Time),4.19,4.19,4.19,4.19,0,4.19,GALTU
Fri Jan 22 2016 00:00:00 GMT+0800 (China Standard Time),4.19,4.19,4.19,4.19,0,4.19,GALTU
Mon Jan 25 2016 00:00:00 GMT+0800 (China Standard Time),4.19,4.19,4.19,4.19,0,4.19,GALTU
Tue Jan 26 2016 00:00:00 GMT+0800 (China Standard Time),4.19,4.19,4.19,4.19,0,4.19,GALTU
Wed Jan 27 2016 00:00:00 GMT+0800 (China Standard Time),4.19,4.19,4.19,4.19,0,4.19,GALTU
Thu Jan 28 2016 00:00:00 GMT+0800 (China Standard Time),4.19,4.19,4.19,4.19,0,4.19,GALTU
Fri Jan 29 2016 00:00:00 GMT+0800 (China Standard Time),4.19,4.19,4.19,4.19,0,4.19,GALTU
Mon Feb 01 2016 00:00:00 GMT+0800 (China Standard Time),4.19,4.19,4.19,4.19,0,4.19,GALTU
Tue Feb 02 2016 00:00:00 GMT+0800 (China Standard Time),4.19,4.19,4.19,4.19,0,4.19,GALTU
Wed Feb 03 2016 00:00:00 GMT+0800 (China Standard Time),4.19,4.19,4.19,4.19,0,4.19,GALTU
Thu Feb 04 2016 00:00:00 GMT+0800 (China Standard Time),4.19,4.19,4.19,4.19,0,4.19,GALTU
Fri Feb 05 2016 00:00:00 GMT+0800 (China Standard Time),4.19,4.19,4.19,4.19,0,4.19,GALTU
Mon Feb 08 2016 00:00:00 GMT+0800 (China Standard Time),4.19,4.19,4.19,4.19,0,4.19,GALTU
Tue Feb 09 2016 00:00:00 GMT+0800 (China Standard Time),4.19,4.19,4.19,4.19,0,4.19,GALTU
Wed Feb 10 2016 00:00:00 GMT+0800 (China Standard Time),4.19,4.19,4.19,4.19,0,4.19,GALTU
Thu Feb 11 2016 00:00:00 GMT+0800 (China Standard Time),4.19,4.19,4.19,4.19,0,4.19,GALTU
Fri Feb 12 2016 00:00:00 GMT+0800 (China Standard Time),4.19,4.19,4.19,4.19,0,4.19,GALTU
Tue Feb 16 2016 00:00:00 GMT+0800 (China Standard Time),4.19,4.19,4.19,4.19,0,4.19,GALTU
Wed Feb 17 2016 00:00:00 GMT+0800 (China Standard Time),4.19,4.19,4.19,4.19,0,4.19,GALTU
Thu Feb 18 2016 00:00:00 GMT+0800 (China Standard Time),4.19,4.19,4.19,4.19,0,4.19,GALTU
Fri Feb 19 2016 00:00:00 GMT+0800 (China Standard Time),4.19,4.19,4.19,4.19,0,4.19,GALTU
Mon Feb 22 2016 00:00:00 GMT+0800 (China Standard Time),4.19,4.19,4.19,4.19,0,4.19,GALTU
Tue Feb 23 2016 00:00:00 GMT+0800 (China Standard Time),4.19,4.19,4.19,4.19,0,4.19,GALTU
Wed Feb 24 2016 00:00:00 GMT+0800 (China Standard Time),4.19,4.19,4.19,4.19,0,4.19,GALTU
Thu Feb 25 2016 00:00:00 GMT+0800 (China Standard Time),4.19,4.19,4.19,4.19,0,4.19,GALTU
Fri Feb 26 2016 00:00:00 GMT+0800 (China Standard Time),4.19,4.19,4.19,4.19,0,4.19,GALTU
Mon Feb 29 2016 00:00:00 GMT+0800 (China Standard Time),4.19,4.19,4.19,4.19,0,4.19,GALTU
Tue Mar 01 2016 00:00:00 GMT+0800 (China Standard Time),4.19,4.19,4.19,4.19,0,4.19,GALTU
Wed Mar 02 2016 00:00:00 GMT+0800 (China Standard Time),4.19,4.19,4.19,4.19,0,4.19,GALTU
Thu Mar 03 2016 00:00:00 GMT+0800 (China Standard Time),4.19,4.19,4.19,4.19,0,4.19,GALTU
Fri Mar 04 2016 00:00:00 GMT+0800 (China Standard Time),0.11,0.11,0.11,0.11,400,0.11,GALTU
Mon Mar 07 2016 00:00:00 GMT+0800 (China Standard Time),0.11,0.11,0.11,0.11,0,0.11,GALTU
Tue Mar 08 2016 00:00:00 GMT+0800 (China Standard Time),0.11,0.11,0.11,0.11,0,0.11,GALTU
Wed Mar 09 2016 00:00:00 GMT+0800 (China Standard Time),0.11,0.11,0.11,0.11,0,0.11,GALTU
Thu Mar 10 2016 00:00:00 GMT+0800 (China Standard Time),0.11,0.11,0.11,0.11,0,0.11,GALTU
Fri Mar 11 2016 00:00:00 GMT+0800 (China Standard Time),0.11,0.11,0.11,0.11,0,0.11,GALTU
Mon Mar 14 2016 00:00:00 GMT+0800 (China Standard Time),0.11,0.11,0.11,0.11,0,0.11,GALTU
Tue Mar 15 2016 00:00:00 GMT+0800 (China Standard Time),0.11,0.11,0.11,0.11,0,0.11,GALTU
Wed Mar 16 2016 00:00:00 GMT+0800 (China Standard Time),0.11,0.11,0.11,0.11,0,0.11,GALTU
Thu Mar 17 2016 00:00:00 GMT+0800 (China Standard Time),0.11,0.11,0.11,0.11,0,0.11,GALTU
Fri Mar 18 2016 00:00:00 GMT+0800 (China Standard Time),0.11,0.11,0.11,0.11,0,0.11,GALTU
Mon Mar 21 2016 00:00:00 GMT+0800 (China Standard Time),0.11,0.11,0.11,0.11,0,0.11,GALTU
Tue Mar 22 2016 00:00:00 GMT+0800 (China Standard Time),0.11,0.11,0.11,0.11,0,0.11,GALTU
Wed Mar 23 2016 00:00:00 GMT+0800 (China Standard Time),0.11,0.11,0.11,0.11,0,0.11,GALTU
Thu Mar 24 2016 00:00:00 GMT+0800 (China Standard Time),0.11,0.11,0.11,0.11,0,0.11,GALTU
Mon Mar 28 2016 00:00:00 GMT+0800 (China Standard Time),0.11,0.11,0.11,0.11,0,0.11,GALTU
Tue Mar 29 2016 00:00:00 GMT+0800 (China Standard Time),0.11,0.11,0.11,0.11,0,0.11,GALTU
Wed Mar 30 2016 00:00:00 GMT+0800 (China Standard Time),0.11,0.11,0.11,0.11,0,0.11,GALTU
Thu Mar 31 2016 00:00:00 GMT+0800 (China Standard Time),0.11,0.11,0.11,0.11,0,0.11,GALTU
Fri Apr 01 2016 00:00:00 GMT+0800 (China Standard Time),0.11,0.11,0.11,0.11,0,0.11,GALTU
Mon Apr 04 2016 00:00:00 GMT+0800 (China Standard Time),0.11,0.11,0.11,0.11,0,0.11,GALTU
Tue Apr 05 2016 00:00:00 GMT+0800 (China Standard Time),0.11,0.11,0.11,0.11,0,0.11,GALTU
Wed Apr 06 2016 00:00:00 GMT+0800 (China Standard Time),0.11,0.11,0.11,0.11,0,0.11,GALTU
Thu Apr 07 2016 00:00:00 GMT+0800 (China Standard Time),0.11,0.11,0.11,0.11,0,0.11,GALTU
Fri Apr 08 2016 00:00:00 GMT+0800 (China Standard Time),0.11,0.11,0.11,0.11,0,0.11,GALTU
Mon Apr 11 2016 00:00:00 GMT+0800 (China Standard Time),0.11,0.11,0.11,0.11,0,0.11,GALTU
Tue Apr 12 2016 00:00:00 GMT+0800 (China Standard Time),0.11,0.11,0.11,0.11,0,0.11,GALTU
Wed Apr 13 2016 00:00:00 GMT+0800 (China Standard Time),0.11,0.11,0.11,0.11,0,0.11,GALTU
Thu Apr 14 2016 00:00:00 GMT+0800 (China Standard Time),0.11,0.11,0.11,0.11,0,0.11,GALTU
Fri Apr 15 2016 00:00:00 GMT+0800 (China Standard Time),0.11,0.11,0.11,0.11,0,0.11,GALTU
Mon Apr 18 2016 00:00:00 GMT+0800 (China Standard Time),0.11,0.11,0.11,0.11,0,0.11,GALTU
Tue Apr 19 2016 00:00:00 GMT+0800 (China Standard Time),0.11,0.11,0.11,0.11,0,0.11,GALTU
Wed Apr 20 2016 00:00:00 GMT+0800 (China Standard Time),0.11,0.11,0.11,0.11,0,0.11,GALTU
Thu Apr 21 2016 00:00:00 GMT+0800 (China Standard Time),0.11,0.11,0.11,0.11,0,0.11,GALTU
Fri Apr 22 2016 00:00:00 GMT+0800 (China Standard Time),0.11,0.11,0.11,0.11,0,0.11,GALTU
Mon Apr 25 2016 00:00:00 GMT+0800 (China Standard Time),0.11,0.11,0.11,0.11,0,0.11,GALTU
Tue Apr 26 2016 00:00:00 GMT+0800 (China Standard Time),0.11,0.11,0.11,0.11,0,0.11,GALTU
Wed Apr 27 2016 00:00:00 GMT+0800 (China Standard Time),0.11,0.11,0.11,0.11,0,0.11,GALTU
Thu Apr 28 2016 00:00:00 GMT+0800 (China Standard Time),0.11,0.11,0.11,0.11,0,0.11,GALTU
Fri Apr 29 2016 00:00:00 GMT+0800 (China Standard Time),0.11,0.11,0.11,0.11,0,0.11,GALTU
Mon May 02 2016 00:00:00 GMT+0800 (China Standard Time),0.11,0.11,0.11,0.11,0,0.11,GALTU
Tue May 03 2016 00:00:00 GMT+0800 (China Standard Time),0.11,0.11,0.11,0.11,0,0.11,GALTU
Wed May 04 2016 00:00:00 GMT+0800 (China Standard Time),0.11,0.11,0.11,0.11,0,0.11,GALTU
Thu May 05 2016 00:00:00 GMT+0800 (China Standard Time),0.11,0.11,0.11,0.11,0,0.11,GALTU
Fri May 06 2016 00:00:00 GMT+0800 (China Standard Time),0.11,0.11,0.11,0.11,0,0.11,GALTU
Mon May 09 2016 00:00:00 GMT+0800 (China Standard Time),0.11,0.11,0.11,0.11,0,0.11,GALTU
Tue May 10 2016 00:00:00 GMT+0800 (China Standard Time),0.11,0.11,0.11,0.11,0,0.11,GALTU
Wed May 11 2016 00:00:00 GMT+0800 (China Standard Time),0.11,0.11,0.11,0.11,0,0.11,GALTU
Thu May 12 2016 00:00:00 GMT+0800 (China Standard Time),0.11,0.11,0.11,0.11,0,0.11,GALTU
Fri May 13 2016 00:00:00 GMT+0800 (China Standard Time),0.11,0.11,0.11,0.11,0,0.11,GALTU
Mon May 16 2016 00:00:00 GMT+0800 (China Standard Time),0.11,0.11,0.11,0.11,0,0.11,GALTU
Tue May 17 2016 00:00:00 GMT+0800 (China Standard Time),0.11,0.11,0.11,0.11,0,0.11,GALTU
Wed May 18 2016 00:00:00 GMT+0800 (China Standard Time),0.11,0.11,0.11,0.11,0,0.11,GALTU
Thu May 19 2016 00:00:00 GMT+0800 (China Standard Time),0.11,0.11,0.11,0.11,0,0.11,GALTU
Fri May 20 2016 00:00:00 GMT+0800 (China Standard Time),0.11,0.11,0.11,0.11,0,0.11,GALTU
Mon May 23 2016 00:00:00 GMT+0800 (China Standard Time),0.11,0.11,0.11,0.11,0,0.11,GALTU
Tue May 24 2016 00:00:00 GMT+0800 (China Standard Time),0.11,0.11,0.11,0.11,0,0.11,GALTU
Wed May 25 2016 00:00:00 GMT+0800 (China Standard Time),0.11,0.11,0.11,0.11,0,0.11,GALTU
Thu May 26 2016 00:00:00 GMT+0800 (China Standard Time),0.11,0.11,0.11,0.11,0,0.11,GALTU
Fri May 27 2016 00:00:00 GMT+0800 (China Standard Time),0.11,0.11,0.11,0.11,0,0.11,GALTU
Tue May 31 2016 00:00:00 GMT+0800 (China Standard Time),0.11,0.11,0.11,0.11,0,0.11,GALTU
Wed Jun 01 2016 00:00:00 GMT+0800 (China Standard Time),0.11,0.11,0.11,0.11,0,0.11,GALTU
Thu Jun 02 2016 00:00:00 GMT+0800 (China Standard Time),0.11,0.11,0.11,0.11,0,0.11,GALTU
Fri Jun 03 2016 00:00:00 GMT+0800 (China Standard Time),0.11,0.11,0.11,0.11,0,0.11,GALTU
Mon Jun 06 2016 00:00:00 GMT+0800 (China Standard Time),0.11,0.11,0.11,0.11,0,0.11,GALTU
Tue Jun 07 2016 00:00:00 GMT+0800 (China Standard Time),0.11,0.11,0.11,0.11,0,0.11,GALTU
Wed Jun 08 2016 00:00:00 GMT+0800 (China Standard Time),0.11,0.11,0.11,0.11,0,0.11,GALTU
Thu Jun 09 2016 00:00:00 GMT+0800 (China Standard Time),0.11,0.11,0.11,0.11,0,0.11,GALTU
Fri Jun 10 2016 00:00:00 GMT+0800 (China Standard Time),0.11,0.11,0.11,0.11,0,0.11,GALTU
Mon Jun 13 2016 00:00:00 GMT+0800 (China Standard Time),0.11,0.11,0.11,0.11,0,0.11,GALTU
Tue Jun 14 2016 00:00:00 GMT+0800 (China Standard Time),0.11,0.11,0.11,0.11,0,0.11,GALTU
Wed Jun 15 2016 00:00:00 GMT+0800 (China Standard Time),0.11,0.11,0.11,0.11,0,0.11,GALTU
Thu Jun 16 2016 00:00:00 GMT+0800 (China Standard Time),0.11,0.11,0.11,0.11,0,0.11,GALTU
Fri Jun 17 2016 00:00:00 GMT+0800 (China Standard Time),0.11,0.11,0.11,0.11,0,0.11,GALTU
Mon Jun 20 2016 00:00:00 GMT+0800 (China Standard Time),0.11,0.11,0.11,0.11,0,0.11,GALTU
Tue Jun 21 2016 00:00:00 GMT+0800 (China Standard Time),0.11,0.11,0.11,0.11,0,0.11,GALTU
Wed Jun 22 2016 00:00:00 GMT+0800 (China Standard Time),0.11,0.11,0.11,0.11,0,0.11,GALTU
Thu Jun 23 2016 00:00:00 GMT+0800 (China Standard Time),0.11,0.11,0.11,0.11,0,0.11,GALTU
Fri Jun 24 2016 00:00:00 GMT+0800 (China Standard Time),0.11,0.11,0.11,0.11,0,0.11,GALTU
Mon Jun 27 2016 00:00:00 GMT+0800 (China Standard Time),0.11,0.11,0.11,0.11,0,0.11,GALTU
Tue Jun 28 2016 00:00:00 GMT+0800 (China Standard Time),0.11,0.11,0.11,0.11,0,0.11,GALTU
Wed Jun 29 2016 00:00:00 GMT+0800 (China Standard Time),0.11,0.11,0.11,0.11,0,0.11,GALTU
Thu Jun 30 2016 00:00:00 GMT+0800 (China Standard Time),0.11,0.11,0.11,0.11,0,0.11,GALTU
Fri Jul 01 2016 00:00:00 GMT+0800 (China Standard Time),0.11,0.11,0.11,0.11,0,0.11,GALTU
Tue Jul 05 2016 00:00:00 GMT+0800 (China Standard Time),0.11,0.11,0.11,0.11,0,0.11,GALTU
Wed Jul 06 2016 00:00:00 GMT+0800 (China Standard Time),0.11,0.11,0.11,0.11,0,0.11,GALTU
Thu Jul 07 2016 00:00:00 GMT+0800 (China Standard Time),0.11,0.11,0.11,0.11,0,0.11,GALTU
Fri Jul 08 2016 00:00:00 GMT+0800 (China Standard Time),0.11,0.11,0.11,0.11,0,0.11,GALTU
Mon Jul 11 2016 00:00:00 GMT+0800 (China Standard Time),0.11,0.11,0.11,0.11,0,0.11,GALTU
Tue Jul 12 2016 00:00:00 GMT+0800 (China Standard Time),0.11,0.11,0.11,0.11,0,0.11,GALTU
Wed Jul 13 2016 00:00:00 GMT+0800 (China Standard Time),4.19,4.19,4.19,4.19,0,4.19,GALTU
Thu Jul 14 2016 00:00:00 GMT+0800 (China Standard Time),4.19,4.19,4.19,4.19,0,4.19,GALTU
Fri Jul 15 2016 00:00:00 GMT+0800 (China Standard Time),4.19,4.19,4.19,4.19,0,4.19,GALTU
Mon Jul 18 2016 00:00:00 GMT+0800 (China Standard Time),4.19,4.19,4.19,4.19,0,4.19,GALTU
Tue Jul 19 2016 00:00:00 GMT+0800 (China Standard Time),4.19,4.19,4.19,4.19,0,4.19,GALTU
Wed Jul 20 2016 00:00:00 GMT+0800 (China Standard Time),4.19,4.19,4.19,4.19,0,4.19,GALTU
Thu Jul 21 2016 00:00:00 GMT+0800 (China Standard Time),4.19,4.19,4.19,4.19,0,4.19,GALTU
Fri Jul 22 2016 00:00:00 GMT+0800 (China Standard Time),4.19,4.19,4.19,4.19,0,4.19,GALTU
Mon Jul 25 2016 00:00:00 GMT+0800 (China Standard Time),4.19,4.19,4.19,4.19,0,4.19,GALTU
Tue Jul 26 2016 00:00:00 GMT+0800 (China Standard Time),4.19,4.19,4.19,4.19,0,4.19,GALTU
Wed Jul 27 2016 00:00:00 GMT+0800 (China Standard Time),4.19,4.19,4.19,4.19,0,4.19,GALTU
Thu Jul 28 2016 00:00:00 GMT+0800 (China Standard Time),4.19,4.19,4.19,4.19,0,4.19,GALTU
Fri Jul 29 2016 00:00:00 GMT+0800 (China Standard Time),4.19,4.19,4.19,4.19,0,4.19,GALTU
Mon Aug 01 2016 00:00:00 GMT+0800 (China Standard Time),4.19,4.19,4.19,4.19,0,4.19,GALTU
Tue Aug 02 2016 00:00:00 GMT+0800 (China Standard Time),4.19,4.19,4.19,4.19,0,4.19,GALTU
Wed Aug 03 2016 00:00:00 GMT+0800 (China Standard Time),4.19,4.19,4.19,4.19,0,4.19,GALTU
Thu Aug 04 2016 00:00:00 GMT+0800 (China Standard Time),4.19,4.19,4.19,4.19,0,4.19,GALTU
Fri Aug 05 2016 00:00:00 GMT+0800 (China Standard Time),4.19,4.19,4.19,4.19,0,4.19,GALTU
Mon Aug 08 2016 00:00:00 GMT+0800 (China Standard Time),4.19,4.19,4.19,4.19,0,4.19,GALTU
Tue Aug 09 2016 00:00:00 GMT+0800 (China Standard Time),4.19,4.19,4.19,4.19,0,4.19,GALTU
Wed Aug 10 2016 00:00:00 GMT+0800 (China Standard Time),4.19,4.19,4.19,4.19,0,4.19,GALTU
Thu Aug 11 2016 00:00:00 GMT+0800 (China Standard Time),4.19,4.19,4.19,4.19,0,4.19,GALTU
Fri Aug 12 2016 00:00:00 GMT+0800 (China Standard Time),4.19,4.19,4.19,4.19,0,4.19,GALTU
Mon Aug 15 2016 00:00:00 GMT+0800 (China Standard Time),4.19,4.19,4.19,4.19,0,4.19,GALTU
Tue Aug 16 2016 00:00:00 GMT+0800 (China Standard Time),4.19,4.19,4.19,4.19,0,4.19,GALTU
Wed Aug 17 2016 00:00:00 GMT+0800 (China Standard Time),4.19,4.19,4.19,4.19,0,4.19,GALTU
Thu Aug 18 2016 00:00:00 GMT+0800 (China Standard Time),4.19,4.19,4.19,4.19,0,4.19,GALTU
Fri Aug 19 2016 00:00:00 GMT+0800 (China Standard Time),4.19,4.19,4.19,4.19,0,4.19,GALTU
Mon Aug 22 2016 00:00:00 GMT+0800 (China Standard Time),4.19,4.19,4.19,4.19,0,4.19,GALTU
Tue Aug 23 2016 00:00:00 GMT+0800 (China Standard Time),4.19,4.19,4.19,4.19,0,4.19,GALTU
Wed Aug 24 2016 00:00:00 GMT+0800 (China Standard Time),4.19,4.19,4.19,4.19,0,4.19,GALTU
Thu Aug 25 2016 00:00:00 GMT+0800 (China Standard Time),4.19,4.19,4.19,4.19,0,4.19,GALTU
Fri Aug 26 2016 00:00:00 GMT+0800 (China Standard Time),4.19,4.19,4.19,4.19,0,4.19,GALTU
Mon Aug 29 2016 00:00:00 GMT+0800 (China Standard Time),4.19,4.19,4.19,4.19,0,4.19,GALTU
Tue Aug 30 2016 00:00:00 GMT+0800 (China Standard Time),4.19,4.19,4.19,4.19,0,4.19,GALTU
Wed Aug 31 2016 00:00:00 GMT+0800 (China Standard Time),4.19,4.19,4.19,4.19,0,4.19,GALTU
Thu Sep 01 2016 00:00:00 GMT+0800 (China Standard Time),4.19,4.19,4.19,4.19,0,4.19,GALTU
Fri Sep 02 2016 00:00:00 GMT+0800 (China Standard Time),4.19,4.19,4.19,4.19,0,4.19,GALTU
Tue Sep 06 2016 00:00:00 GMT+0800 (China Standard Time),4.19,4.19,4.19,4.19,0,4.19,GALTU
Wed Sep 07 2016 00:00:00 GMT+0800 (China Standard Time),4.19,4.19,4.19,4.19,0,4.19,GALTU
Thu Sep 08 2016 00:00:00 GMT+0800 (China Standard Time),4.19,4.19,4.19,4.19,0,4.19,GALTU
Fri Sep 09 2016 00:00:00 GMT+0800 (China Standard Time),4.19,4.19,4.19,4.19,0,4.19,GALTU
Mon Sep 12 2016 00:00:00 GMT+0800 (China Standard Time),4.19,4.19,4.19,4.19,0,4.19,GALTU
Tue Sep 13 2016 00:00:00 GMT+0800 (China Standard Time),4.19,4.19,4.19,4.19,0,4.19,GALTU
Wed Sep 14 2016 00:00:00 GMT+0800 (China Standard Time),4.19,4.19,4.19,4.19,0,4.19,GALTU
Thu Sep 15 2016 00:00:00 GMT+0800 (China Standard Time),4.19,4.19,4.19,4.19,0,4.19,GALTU
Fri Sep 16 2016 00:00:00 GMT+0800 (China Standard Time),4.19,4.19,4.19,4.19,0,4.19,GALTU
Mon Sep 19 2016 00:00:00 GMT+0800 (China Standard Time),4.19,4.19,4.19,4.19,0,4.19,GALTU
Tue Sep 20 2016 00:00:00 GMT+0800 (China Standard Time),4.19,4.19,4.19,4.19,0,4.19,GALTU
Wed Sep 21 2016 00:00:00 GMT+0800 (China Standard Time),4.19,4.19,4.19,4.19,0,4.19,GALTU
Thu Sep 22 2016 00:00:00 GMT+0800 (China Standard Time),4.19,4.19,4.19,4.19,0,4.19,GALTU
Fri Sep 23 2016 00:00:00 GMT+0800 (China Standard Time),4.19,4.19,4.19,4.19,0,4.19,GALTU
Mon Sep 26 2016 00:00:00 GMT+0800 (China Standard Time),4.19,4.19,4.19,4.19,0,4.19,GALTU
Tue Sep 27 2016 00:00:00 GMT+0800 (China Standard Time),4.19,4.19,4.19,4.19,0,4.19,GALTU
Wed Sep 28 2016 00:00:00 GMT+0800 (China Standard Time),4.19,4.19,4.19,4.19,0,4.19,GALTU
Thu Sep 29 2016 00:00:00 GMT+0800 (China Standard Time),4.19,4.19,4.19,4.19,0,4.19,GALTU
Fri Sep 30 2016 00:00:00 GMT+0800 (China Standard Time),4.19,4.19,4.19,4.19,0,4.19,GALTU
Mon Oct 03 2016 00:00:00 GMT+0800 (China Standard Time),4.19,4.19,4.19,4.19,0,4.19,GALTU
Tue Oct 04 2016 00:00:00 GMT+0800 (China Standard Time),2.78,2.78,2.39,2.48,1300,2.48,GALTU
Wed Oct 05 2016 00:00:00 GMT+0800 (China Standard Time),2.48,2.48,2.48,2.48,0,2.48,GALTU
Thu Oct 06 2016 00:00:00 GMT+0800 (China Standard Time),2.48,2.48,2.48,2.48,0,2.48,GALTU
Fri Oct 07 2016 00:00:00 GMT+0800 (China Standard Time),2.48,2.48,2.48,2.48,0,2.48,GALTU
Mon Oct 10 2016 00:00:00 GMT+0800 (China Standard Time),2.48,2.48,2.48,2.48,0,2.48,GALTU
Tue Oct 11 2016 00:00:00 GMT+0800 (China Standard Time),2.48,2.48,2.48,2.48,0,2.48,GALTU
Wed Oct 12 2016 00:00:00 GMT+0800 (China Standard Time),2.48,2.48,2.48,2.48,0,2.48,GALTU
Thu Oct 13 2016 00:00:00 GMT+0800 (China Standard Time),2.48,2.48,2.48,2.48,0,2.48,GALTU
Fri Oct 14 2016 00:00:00 GMT+0800 (China Standard Time),2.48,2.48,2.48,2.48,0,2.48,GALTU
Mon Oct 17 2016 00:00:00 GMT+0800 (China Standard Time),2.04,2.14,2.04,2.14,400,2.14,GALTU
Tue Oct 18 2016 00:00:00 GMT+0800 (China Standard Time),2.14,2.14,2.14,2.14,0,2.14,GALTU
Wed Oct 19 2016 00:00:00 GMT+0800 (China Standard Time),2.14,2.14,2.14,2.14,0,2.14,GALTU
Thu Oct 20 2016 00:00:00 GMT+0800 (China Standard Time),2.14,2.14,2.14,2.14,0,2.14,GALTU
Fri Oct 21 2016 00:00:00 GMT+0800 (China Standard Time),2.14,2.14,2.14,2.14,0,2.14,GALTU
Mon Oct 24 2016 00:00:00 GMT+0800 (China Standard Time),2.14,2.14,2.14,2.14,0,2.14,GALTU
Tue Oct 25 2016 00:00:00 GMT+0800 (China Standard Time),2.14,2.14,2.14,2.14,0,2.14,GALTU
Wed Oct 26 2016 00:00:00 GMT+0800 (China Standard Time),2.14,2.14,2.14,2.14,0,2.14,GALTU
Thu Oct 27 2016 00:00:00 GMT+0800 (China Standard Time),2.14,2.14,2.14,2.14,0,2.14,GALTU
Fri Oct 28 2016 00:00:00 GMT+0800 (China Standard Time),2.14,2.14,2.14,2.14,0,2.14,GALTU
Mon Oct 31 2016 00:00:00 GMT+0800 (China Standard Time),1.55,1.74,1.55,1.67,1600,1.67,GALTU
Tue Nov 01 2016 00:00:00 GMT+0800 (China Standard Time),1.43,1.52,1.14,1.52,1000,1.52,GALTU
Wed Nov 02 2016 00:00:00 GMT+0800 (China Standard Time),1.23,1.23,1.23,1.23,200,1.23,GALTU
Thu Nov 03 2016 00:00:00 GMT+0800 (China Standard Time),1.23,1.23,1.23,1.23,0,1.23,GALTU
Fri Nov 04 2016 00:00:00 GMT+0800 (China Standard Time),1.23,1.23,1.23,1.23,0,1.23,GALTU
Mon Nov 07 2016 00:00:00 GMT+0800 (China Standard Time),1.23,1.23,1.23,1.23,0,1.23,GALTU
Tue Nov 08 2016 00:00:00 GMT+0800 (China Standard Time),1.23,1.23,1.23,1.23,0,1.23,GALTU
Wed Nov 09 2016 00:00:00 GMT+0800 (China Standard Time),1.46,1.46,1.46,1.46,100,1.46,GALTU
Thu Nov 10 2016 00:00:00 GMT+0800 (China Standard Time),1.46,1.46,1.46,1.46,0,1.46,GALTU
Fri Nov 11 2016 00:00:00 GMT+0800 (China Standard Time),1.46,1.46,1.46,1.46,0,1.46,GALTU
