Thu Jan 02 2014 00:00:00 GMT+0800 (China Standard Time),3.92,3.92,3.9,3.92,9700,3.92,LBIX
Fri Jan 03 2014 00:00:00 GMT+0800 (China Standard Time),3.85,3.99,3.85,3.99,300,3.99,LBIX
Mon Jan 06 2014 00:00:00 GMT+0800 (China Standard Time),3.96,4.02,3.88,4.02,2100,4.02,LBIX
Tue Jan 07 2014 00:00:00 GMT+0800 (China Standard Time),4.05,4.07,4.03,4.03,900,4.03,LBIX
Wed Jan 08 2014 00:00:00 GMT+0800 (China Standard Time),3.95,4.01,3.95,4.01,9400,4.01,LBIX
Thu Jan 09 2014 00:00:00 GMT+0800 (China Standard Time),4,4,4,4,300,4,LBIX
Fri Jan 10 2014 00:00:00 GMT+0800 (China Standard Time),4.15,4.28,4,4.11,13200,4.11,LBIX
Mon Jan 13 2014 00:00:00 GMT+0800 (China Standard Time),4.08,4.08,4.05,4.05,600,4.05,LBIX
Tue Jan 14 2014 00:00:00 GMT+0800 (China Standard Time),4.04,4.15,4,4,8100,4,LBIX
Wed Jan 15 2014 00:00:00 GMT+0800 (China Standard Time),4.04,4.1,3.98,4.1,13700,4.1,LBIX
Thu Jan 16 2014 00:00:00 GMT+0800 (China Standard Time),4.1,4.1,4.1,4.1,200,4.1,LBIX
Fri Jan 17 2014 00:00:00 GMT+0800 (China Standard Time),4.1,4.1,4.05,4.05,1700,4.05,LBIX
Tue Jan 21 2014 00:00:00 GMT+0800 (China Standard Time),4.1,4.17,4.05,4.06,19100,4.06,LBIX
Wed Jan 22 2014 00:00:00 GMT+0800 (China Standard Time),4.06,4.14,4.03,4.03,3700,4.03,LBIX
Thu Jan 23 2014 00:00:00 GMT+0800 (China Standard Time),4.03,4.03,4,4,1300,4,LBIX
Fri Jan 24 2014 00:00:00 GMT+0800 (China Standard Time),3.99,3.99,3.98,3.98,500,3.98,LBIX
Mon Jan 27 2014 00:00:00 GMT+0800 (China Standard Time),4,4.08,4,4.08,2700,4.08,LBIX
Tue Jan 28 2014 00:00:00 GMT+0800 (China Standard Time),4.08,4.08,4.08,4.08,1500,4.08,LBIX
Wed Jan 29 2014 00:00:00 GMT+0800 (China Standard Time),4.05,4.05,3.98,3.98,2500,3.98,LBIX
Thu Jan 30 2014 00:00:00 GMT+0800 (China Standard Time),3.98,4.01,3.88,3.95,6300,3.95,LBIX
Fri Jan 31 2014 00:00:00 GMT+0800 (China Standard Time),3.88,4.05,3.88,3.92,2500,3.92,LBIX
Mon Feb 03 2014 00:00:00 GMT+0800 (China Standard Time),3.89,4.04,3.89,4.04,1800,4.04,LBIX
Tue Feb 04 2014 00:00:00 GMT+0800 (China Standard Time),4.04,4.04,4.04,4.04,200,4.04,LBIX
Wed Feb 05 2014 00:00:00 GMT+0800 (China Standard Time),3.96,4,3.92,3.92,2300,3.92,LBIX
Thu Feb 06 2014 00:00:00 GMT+0800 (China Standard Time),3.96,3.96,3.95,3.95,700,3.95,LBIX
Fri Feb 07 2014 00:00:00 GMT+0800 (China Standard Time),3.98,4.03,3.95,4.03,1800,4.03,LBIX
Mon Feb 10 2014 00:00:00 GMT+0800 (China Standard Time),4.03,4.03,4.03,4.03,0,4.03,LBIX
Tue Feb 11 2014 00:00:00 GMT+0800 (China Standard Time),3.92,3.92,3.92,3.92,1400,3.92,LBIX
Wed Feb 12 2014 00:00:00 GMT+0800 (China Standard Time),3.92,3.92,3.92,3.92,0,3.92,LBIX
Thu Feb 13 2014 00:00:00 GMT+0800 (China Standard Time),4.03,4.03,4.03,4.03,500,4.03,LBIX
Fri Feb 14 2014 00:00:00 GMT+0800 (China Standard Time),3.95,3.95,3.87,3.89,6000,3.89,LBIX
Tue Feb 18 2014 00:00:00 GMT+0800 (China Standard Time),3.99,4.01,3.99,4,4200,4,LBIX
Wed Feb 19 2014 00:00:00 GMT+0800 (China Standard Time),4,4.01,3.95,4.01,6100,4.01,LBIX
Thu Feb 20 2014 00:00:00 GMT+0800 (China Standard Time),4,4,3.95,3.99,3700,3.99,LBIX
Fri Feb 21 2014 00:00:00 GMT+0800 (China Standard Time),4.04,4.04,4.04,4.04,100,4.04,LBIX
Mon Feb 24 2014 00:00:00 GMT+0800 (China Standard Time),4.03,4.03,4,4,500,4,LBIX
Tue Feb 25 2014 00:00:00 GMT+0800 (China Standard Time),3.9,4.04,3.9,3.9,7400,3.9,LBIX
Wed Feb 26 2014 00:00:00 GMT+0800 (China Standard Time),3.91,4.03,3.91,3.91,800,3.91,LBIX
Thu Feb 27 2014 00:00:00 GMT+0800 (China Standard Time),3.9,4,3.9,4,7800,4,LBIX
Fri Feb 28 2014 00:00:00 GMT+0800 (China Standard Time),3.95,4.03,3.91,4.03,1100,4.03,LBIX
Mon Mar 03 2014 00:00:00 GMT+0800 (China Standard Time),4.04,4.04,4.02,4.03,3600,4.03,LBIX
Tue Mar 04 2014 00:00:00 GMT+0800 (China Standard Time),4.02,4.02,3.9,3.91,6600,3.91,LBIX
Wed Mar 05 2014 00:00:00 GMT+0800 (China Standard Time),4.02,4.04,3.98,3.98,4800,3.98,LBIX
Thu Mar 06 2014 00:00:00 GMT+0800 (China Standard Time),3.92,4.04,3.92,3.98,1000,3.98,LBIX
Fri Mar 07 2014 00:00:00 GMT+0800 (China Standard Time),3.95,3.95,3.95,3.95,200,3.95,LBIX
Mon Mar 10 2014 00:00:00 GMT+0800 (China Standard Time),3.93,4,3.92,3.95,1200,3.95,LBIX
Tue Mar 11 2014 00:00:00 GMT+0800 (China Standard Time),3.95,3.95,3.95,3.95,0,3.95,LBIX
Wed Mar 12 2014 00:00:00 GMT+0800 (China Standard Time),3.95,3.95,3.92,3.95,3600,3.95,LBIX
Thu Mar 13 2014 00:00:00 GMT+0800 (China Standard Time),3.96,3.96,3.91,3.95,6300,3.95,LBIX
Fri Mar 14 2014 00:00:00 GMT+0800 (China Standard Time),3.98,3.98,3.98,3.98,100,3.98,LBIX
Mon Mar 17 2014 00:00:00 GMT+0800 (China Standard Time),3.91,3.91,3.91,3.91,7800,3.91,LBIX
Tue Mar 18 2014 00:00:00 GMT+0800 (China Standard Time),3.91,3.91,3.91,3.91,400,3.91,LBIX
Wed Mar 19 2014 00:00:00 GMT+0800 (China Standard Time),3.88,3.88,3.88,3.88,500,3.88,LBIX
Thu Mar 20 2014 00:00:00 GMT+0800 (China Standard Time),3.98,3.98,3.9,3.9,4500,3.9,LBIX
Fri Mar 21 2014 00:00:00 GMT+0800 (China Standard Time),3.98,3.98,3.91,3.91,8200,3.91,LBIX
Mon Mar 24 2014 00:00:00 GMT+0800 (China Standard Time),3.99,3.99,3.99,3.99,300,3.99,LBIX
Tue Mar 25 2014 00:00:00 GMT+0800 (China Standard Time),3.9,3.9,3.9,3.9,1400,3.9,LBIX
Wed Mar 26 2014 00:00:00 GMT+0800 (China Standard Time),3.93,3.94,3.93,3.94,2400,3.94,LBIX
Thu Mar 27 2014 00:00:00 GMT+0800 (China Standard Time),3.91,3.98,3.91,3.98,700,3.98,LBIX
Fri Mar 28 2014 00:00:00 GMT+0800 (China Standard Time),3.98,3.98,3.92,3.92,2900,3.92,LBIX
Mon Mar 31 2014 00:00:00 GMT+0800 (China Standard Time),3.97,3.97,3.97,3.97,1400,3.97,LBIX
Tue Apr 01 2014 00:00:00 GMT+0800 (China Standard Time),3.99,4.09,3.98,4.03,4900,4.03,LBIX
Wed Apr 02 2014 00:00:00 GMT+0800 (China Standard Time),4.05,4.05,3.99,4,1200,4,LBIX
Thu Apr 03 2014 00:00:00 GMT+0800 (China Standard Time),3.99,4.02,3.99,4.02,1600,4.02,LBIX
Fri Apr 04 2014 00:00:00 GMT+0800 (China Standard Time),3.99,4.05,3.99,3.99,10100,3.99,LBIX
Mon Apr 07 2014 00:00:00 GMT+0800 (China Standard Time),4.04,4.05,3.92,4.01,1800,4.01,LBIX
Tue Apr 08 2014 00:00:00 GMT+0800 (China Standard Time),4.19,4.19,4.12,4.13,700,4.13,LBIX
Wed Apr 09 2014 00:00:00 GMT+0800 (China Standard Time),3.9,4.18,3.9,3.99,3400,3.99,LBIX
Thu Apr 10 2014 00:00:00 GMT+0800 (China Standard Time),4.01,4.01,3.99,4,900,4,LBIX
Fri Apr 11 2014 00:00:00 GMT+0800 (China Standard Time),3.9,3.99,3.88,3.99,4700,3.99,LBIX
Mon Apr 14 2014 00:00:00 GMT+0800 (China Standard Time),3.99,3.99,3.99,3.99,0,3.99,LBIX
Tue Apr 15 2014 00:00:00 GMT+0800 (China Standard Time),3.89,4.05,3.89,4.05,1500,4.05,LBIX
Wed Apr 16 2014 00:00:00 GMT+0800 (China Standard Time),3.91,3.96,3.91,3.96,700,3.96,LBIX
Thu Apr 17 2014 00:00:00 GMT+0800 (China Standard Time),3.96,3.96,3.96,3.96,0,3.96,LBIX
Mon Apr 21 2014 00:00:00 GMT+0800 (China Standard Time),3.95,3.95,3.95,3.95,200,3.95,LBIX
Tue Apr 22 2014 00:00:00 GMT+0800 (China Standard Time),3.92,3.96,3.92,3.96,700,3.96,LBIX
Wed Apr 23 2014 00:00:00 GMT+0800 (China Standard Time),4.03,4.03,3.92,3.93,6800,3.93,LBIX
Thu Apr 24 2014 00:00:00 GMT+0800 (China Standard Time),3.93,3.93,3.93,3.93,0,3.93,LBIX
Fri Apr 25 2014 00:00:00 GMT+0800 (China Standard Time),3.94,3.99,3.94,3.94,1300,3.94,LBIX
Mon Apr 28 2014 00:00:00 GMT+0800 (China Standard Time),3.91,3.92,3.91,3.91,800,3.91,LBIX
Tue Apr 29 2014 00:00:00 GMT+0800 (China Standard Time),3.98,3.98,3.94,3.97,5400,3.97,LBIX
Wed Apr 30 2014 00:00:00 GMT+0800 (China Standard Time),4.03,4.03,4.03,4.03,700,4.03,LBIX
Thu May 01 2014 00:00:00 GMT+0800 (China Standard Time),3.92,3.92,3.92,3.92,200,3.92,LBIX
Fri May 02 2014 00:00:00 GMT+0800 (China Standard Time),3.92,3.92,3.92,3.92,0,3.92,LBIX
Mon May 05 2014 00:00:00 GMT+0800 (China Standard Time),3.92,3.92,3.92,3.92,0,3.92,LBIX
Tue May 06 2014 00:00:00 GMT+0800 (China Standard Time),4.01,4.1,3.95,4.05,5900,4.05,LBIX
Wed May 07 2014 00:00:00 GMT+0800 (China Standard Time),3.92,4.15,3.92,4.1,4200,4.1,LBIX
Thu May 08 2014 00:00:00 GMT+0800 (China Standard Time),4.1,4.1,4.1,4.1,0,4.1,LBIX
Fri May 09 2014 00:00:00 GMT+0800 (China Standard Time),4.11,4.11,3.97,3.97,1400,3.97,LBIX
Mon May 12 2014 00:00:00 GMT+0800 (China Standard Time),4.02,4.02,3.99,3.99,400,3.99,LBIX
Tue May 13 2014 00:00:00 GMT+0800 (China Standard Time),3.95,4.06,3.94,4.05,1900,4.05,LBIX
Wed May 14 2014 00:00:00 GMT+0800 (China Standard Time),4.05,4.05,4.05,4.05,0,4.05,LBIX
Thu May 15 2014 00:00:00 GMT+0800 (China Standard Time),4.05,4.05,4.05,4.05,0,4.05,LBIX
Fri May 16 2014 00:00:00 GMT+0800 (China Standard Time),4.05,4.2,4,4,8000,4,LBIX
Mon May 19 2014 00:00:00 GMT+0800 (China Standard Time),4.07,4.13,3.99,3.99,5800,3.99,LBIX
Tue May 20 2014 00:00:00 GMT+0800 (China Standard Time),4.08,4.18,4.08,4.12,5800,4.12,LBIX
Wed May 21 2014 00:00:00 GMT+0800 (China Standard Time),4.12,4.12,4.12,4.12,0,4.12,LBIX
Thu May 22 2014 00:00:00 GMT+0800 (China Standard Time),3.97,4.18,3.96,4.18,1900,4.18,LBIX
Fri May 23 2014 00:00:00 GMT+0800 (China Standard Time),4.05,4.34,4.05,4.25,4200,4.25,LBIX
Tue May 27 2014 00:00:00 GMT+0800 (China Standard Time),4.25,4.25,4.08,4.15,5200,4.15,LBIX
Wed May 28 2014 00:00:00 GMT+0800 (China Standard Time),4.23,4.25,4.07,4.25,1900,4.25,LBIX
Thu May 29 2014 00:00:00 GMT+0800 (China Standard Time),4.25,4.25,4.25,4.25,0,4.25,LBIX
Fri May 30 2014 00:00:00 GMT+0800 (China Standard Time),4.2,4.25,4.2,4.25,2000,4.25,LBIX
Mon Jun 02 2014 00:00:00 GMT+0800 (China Standard Time),4.12,4.12,4.12,4.12,100,4.12,LBIX
Tue Jun 03 2014 00:00:00 GMT+0800 (China Standard Time),4.12,4.12,4.12,4.12,0,4.12,LBIX
Wed Jun 04 2014 00:00:00 GMT+0800 (China Standard Time),4.16,4.16,4.16,4.16,500,4.16,LBIX
Thu Jun 05 2014 00:00:00 GMT+0800 (China Standard Time),4.05,4.15,4.05,4.14,900,4.14,LBIX
Fri Jun 06 2014 00:00:00 GMT+0800 (China Standard Time),4.14,4.14,4.14,4.14,0,4.14,LBIX
Mon Jun 09 2014 00:00:00 GMT+0800 (China Standard Time),4.16,4.16,4.1,4.1,1300,4.1,LBIX
Tue Jun 10 2014 00:00:00 GMT+0800 (China Standard Time),4.1,4.1,4.1,4.1,0,4.1,LBIX
Wed Jun 11 2014 00:00:00 GMT+0800 (China Standard Time),4.1,4.1,4.1,4.1,0,4.1,LBIX
Thu Jun 12 2014 00:00:00 GMT+0800 (China Standard Time),4.31,4.31,4.12,4.12,2900,4.12,LBIX
Fri Jun 13 2014 00:00:00 GMT+0800 (China Standard Time),4.12,4.12,4.12,4.12,0,4.12,LBIX
Mon Jun 16 2014 00:00:00 GMT+0800 (China Standard Time),4.12,4.12,4.12,4.12,0,4.12,LBIX
Tue Jun 17 2014 00:00:00 GMT+0800 (China Standard Time),4.12,4.12,4.12,4.12,0,4.12,LBIX
Wed Jun 18 2014 00:00:00 GMT+0800 (China Standard Time),4.15,4.15,4.15,4.15,4300,4.15,LBIX
Thu Jun 19 2014 00:00:00 GMT+0800 (China Standard Time),4.18,4.18,4.02,4.18,1400,4.18,LBIX
Fri Jun 20 2014 00:00:00 GMT+0800 (China Standard Time),4.18,4.23,4.18,4.23,1000,4.23,LBIX
Mon Jun 23 2014 00:00:00 GMT+0800 (China Standard Time),4.15,4.15,4.15,4.15,500,4.15,LBIX
Tue Jun 24 2014 00:00:00 GMT+0800 (China Standard Time),4.1,4.17,4.1,4.17,800,4.17,LBIX
Wed Jun 25 2014 00:00:00 GMT+0800 (China Standard Time),4.05,4.05,4.02,4.02,500,4.02,LBIX
Thu Jun 26 2014 00:00:00 GMT+0800 (China Standard Time),3.97,4.12,3.97,4.09,8000,4.09,LBIX
Fri Jun 27 2014 00:00:00 GMT+0800 (China Standard Time),3.97,4.06,3.97,4.06,1200,4.06,LBIX
Mon Jun 30 2014 00:00:00 GMT+0800 (China Standard Time),4.13,4.7,4.13,4.67,40800,4.67,LBIX
Tue Jul 01 2014 00:00:00 GMT+0800 (China Standard Time),4.72,5.05,4.63,4.7,54600,4.7,LBIX
Wed Jul 02 2014 00:00:00 GMT+0800 (China Standard Time),4.74,4.88,4.47,4.73,19100,4.73,LBIX
Thu Jul 03 2014 00:00:00 GMT+0800 (China Standard Time),4.81,4.81,4.73,4.78,5300,4.78,LBIX
Mon Jul 07 2014 00:00:00 GMT+0800 (China Standard Time),4.78,4.78,4.5,4.75,20000,4.75,LBIX
Tue Jul 08 2014 00:00:00 GMT+0800 (China Standard Time),4.77,4.77,4.5,4.57,85800,4.57,LBIX
Wed Jul 09 2014 00:00:00 GMT+0800 (China Standard Time),4.46,4.77,4.46,4.77,11400,4.77,LBIX
Thu Jul 10 2014 00:00:00 GMT+0800 (China Standard Time),4.35,4.6,4.06,4.11,55100,4.11,LBIX
Fri Jul 11 2014 00:00:00 GMT+0800 (China Standard Time),4.06,4.06,3.75,3.75,12700,3.75,LBIX
Mon Jul 14 2014 00:00:00 GMT+0800 (China Standard Time),3.75,4.08,3.75,4.02,20200,4.02,LBIX
Tue Jul 15 2014 00:00:00 GMT+0800 (China Standard Time),4.01,4.1,3.9,4.06,8400,4.06,LBIX
Wed Jul 16 2014 00:00:00 GMT+0800 (China Standard Time),4,4.01,3.82,3.82,8200,3.82,LBIX
Thu Jul 17 2014 00:00:00 GMT+0800 (China Standard Time),3.85,3.98,3.85,3.85,21700,3.85,LBIX
Fri Jul 18 2014 00:00:00 GMT+0800 (China Standard Time),3.81,4.04,3.8,3.95,47100,3.95,LBIX
Mon Jul 21 2014 00:00:00 GMT+0800 (China Standard Time),3.94,4.04,3.81,3.96,31100,3.96,LBIX
Tue Jul 22 2014 00:00:00 GMT+0800 (China Standard Time),4.02,4.02,3.92,3.95,7800,3.95,LBIX
Wed Jul 23 2014 00:00:00 GMT+0800 (China Standard Time),3.95,4.02,3.85,4,28600,4,LBIX
Thu Jul 24 2014 00:00:00 GMT+0800 (China Standard Time),3.86,4,3.86,3.96,11200,3.96,LBIX
Fri Jul 25 2014 00:00:00 GMT+0800 (China Standard Time),3.98,3.98,3.82,3.96,4200,3.96,LBIX
Mon Jul 28 2014 00:00:00 GMT+0800 (China Standard Time),4.02,4.03,3.86,3.91,3100,3.91,LBIX
Tue Jul 29 2014 00:00:00 GMT+0800 (China Standard Time),4,4.02,3.92,3.94,4000,3.94,LBIX
Wed Jul 30 2014 00:00:00 GMT+0800 (China Standard Time),3.95,4.04,3.91,4.04,26800,4.04,LBIX
Thu Jul 31 2014 00:00:00 GMT+0800 (China Standard Time),4.02,4.19,4.02,4.1,3500,4.1,LBIX
Fri Aug 01 2014 00:00:00 GMT+0800 (China Standard Time),4.21,4.21,3.89,4.14,12500,4.14,LBIX
Mon Aug 04 2014 00:00:00 GMT+0800 (China Standard Time),4.19,4.3,4.06,4.21,30800,4.21,LBIX
Tue Aug 05 2014 00:00:00 GMT+0800 (China Standard Time),4.31,4.31,4.2,4.28,7500,4.28,LBIX
Wed Aug 06 2014 00:00:00 GMT+0800 (China Standard Time),4.22,4.38,4.2,4.29,17000,4.29,LBIX
Thu Aug 07 2014 00:00:00 GMT+0800 (China Standard Time),4.35,4.35,4.2,4.24,4600,4.24,LBIX
Fri Aug 08 2014 00:00:00 GMT+0800 (China Standard Time),4.21,4.26,4.09,4.16,2700,4.16,LBIX
Mon Aug 11 2014 00:00:00 GMT+0800 (China Standard Time),4.11,4.11,3.89,3.89,6600,3.89,LBIX
Tue Aug 12 2014 00:00:00 GMT+0800 (China Standard Time),3.88,3.92,3.8,3.82,4600,3.82,LBIX
Wed Aug 13 2014 00:00:00 GMT+0800 (China Standard Time),3.78,4.04,3.77,4.04,18700,4.04,LBIX
Thu Aug 14 2014 00:00:00 GMT+0800 (China Standard Time),3.92,3.99,3.84,3.99,25900,3.99,LBIX
Fri Aug 15 2014 00:00:00 GMT+0800 (China Standard Time),3.87,3.97,3.84,3.87,5100,3.87,LBIX
Mon Aug 18 2014 00:00:00 GMT+0800 (China Standard Time),3.95,4.08,3.95,4.05,30200,4.05,LBIX
Tue Aug 19 2014 00:00:00 GMT+0800 (China Standard Time),4.08,4.14,4.06,4.14,22400,4.14,LBIX
Wed Aug 20 2014 00:00:00 GMT+0800 (China Standard Time),4.15,4.15,3.95,4,16800,4,LBIX
Thu Aug 21 2014 00:00:00 GMT+0800 (China Standard Time),4.08,4.15,4.08,4.15,14900,4.15,LBIX
Fri Aug 22 2014 00:00:00 GMT+0800 (China Standard Time),4.15,4.24,4.09,4.11,15700,4.11,LBIX
Mon Aug 25 2014 00:00:00 GMT+0800 (China Standard Time),4.31,4.31,4.13,4.26,9600,4.26,LBIX
Tue Aug 26 2014 00:00:00 GMT+0800 (China Standard Time),4.22,4.25,4.22,4.25,1600,4.25,LBIX
Wed Aug 27 2014 00:00:00 GMT+0800 (China Standard Time),4.33,4.35,4.27,4.27,500,4.27,LBIX
Thu Aug 28 2014 00:00:00 GMT+0800 (China Standard Time),4.34,4.34,4.25,4.25,1600,4.25,LBIX
Fri Aug 29 2014 00:00:00 GMT+0800 (China Standard Time),4.24,4.34,4.22,4.34,4800,4.34,LBIX
Tue Sep 02 2014 00:00:00 GMT+0800 (China Standard Time),4.23,4.27,4.05,4.05,23700,4.05,LBIX
Wed Sep 03 2014 00:00:00 GMT+0800 (China Standard Time),3.94,4.2,3.94,4.04,33700,4.04,LBIX
Thu Sep 04 2014 00:00:00 GMT+0800 (China Standard Time),4.02,4.18,4.02,4.03,23300,4.03,LBIX
Fri Sep 05 2014 00:00:00 GMT+0800 (China Standard Time),4.09,4.09,3.87,3.87,18500,3.87,LBIX
Mon Sep 08 2014 00:00:00 GMT+0800 (China Standard Time),4,4.08,3.99,3.99,21200,3.99,LBIX
Tue Sep 09 2014 00:00:00 GMT+0800 (China Standard Time),4.05,4.21,4,4.01,11000,4.01,LBIX
Wed Sep 10 2014 00:00:00 GMT+0800 (China Standard Time),3.93,4.08,3.93,3.99,7200,3.99,LBIX
Thu Sep 11 2014 00:00:00 GMT+0800 (China Standard Time),3.98,4.09,3.93,4.03,13600,4.03,LBIX
Fri Sep 12 2014 00:00:00 GMT+0800 (China Standard Time),4.09,4.1,3.99,4.1,5000,4.1,LBIX
Mon Sep 15 2014 00:00:00 GMT+0800 (China Standard Time),4.16,4.2,4.16,4.19,6300,4.19,LBIX
Tue Sep 16 2014 00:00:00 GMT+0800 (China Standard Time),4.15,4.31,4.03,4.05,42800,4.05,LBIX
Wed Sep 17 2014 00:00:00 GMT+0800 (China Standard Time),4.04,4.14,3.98,4.03,15400,4.03,LBIX
Thu Sep 18 2014 00:00:00 GMT+0800 (China Standard Time),4.03,4.14,3.99,4.03,8600,4.03,LBIX
Fri Sep 19 2014 00:00:00 GMT+0800 (China Standard Time),4.04,4.08,4.01,4.04,7200,4.04,LBIX
Mon Sep 22 2014 00:00:00 GMT+0800 (China Standard Time),4.05,4.14,4.05,4.06,7800,4.06,LBIX
Tue Sep 23 2014 00:00:00 GMT+0800 (China Standard Time),4.05,4.13,4.05,4.13,2900,4.13,LBIX
Wed Sep 24 2014 00:00:00 GMT+0800 (China Standard Time),4.06,4.14,4,4,16600,4,LBIX
Thu Sep 25 2014 00:00:00 GMT+0800 (China Standard Time),4,4.01,3.92,3.98,9200,3.98,LBIX
Fri Sep 26 2014 00:00:00 GMT+0800 (China Standard Time),4.14,4.14,4.14,4.14,300,4.14,LBIX
Mon Sep 29 2014 00:00:00 GMT+0800 (China Standard Time),3.94,3.97,3.87,3.94,12500,3.94,LBIX
Tue Sep 30 2014 00:00:00 GMT+0800 (China Standard Time),3.94,3.99,3.9,3.96,7500,3.96,LBIX
Wed Oct 01 2014 00:00:00 GMT+0800 (China Standard Time),3.88,4.07,3.88,4,13400,4,LBIX
Thu Oct 02 2014 00:00:00 GMT+0800 (China Standard Time),4.04,4.08,4.03,4.06,3500,4.06,LBIX
Fri Oct 03 2014 00:00:00 GMT+0800 (China Standard Time),4.03,4.04,3.95,4.04,2400,4.04,LBIX
Mon Oct 06 2014 00:00:00 GMT+0800 (China Standard Time),4,4,3.9,3.91,9300,3.91,LBIX
Tue Oct 07 2014 00:00:00 GMT+0800 (China Standard Time),3.89,4.14,3.89,3.94,1700,3.94,LBIX
Wed Oct 08 2014 00:00:00 GMT+0800 (China Standard Time),4.1,4.1,3.88,3.99,12900,3.99,LBIX
Thu Oct 09 2014 00:00:00 GMT+0800 (China Standard Time),3.99,3.99,3.99,3.99,0,3.99,LBIX
Fri Oct 10 2014 00:00:00 GMT+0800 (China Standard Time),3.93,3.97,3.9,3.97,1600,3.97,LBIX
Mon Oct 13 2014 00:00:00 GMT+0800 (China Standard Time),3.9,3.91,3.9,3.9,9700,3.9,LBIX
Tue Oct 14 2014 00:00:00 GMT+0800 (China Standard Time),3.9,3.9,3.86,3.86,1000,3.86,LBIX
Wed Oct 15 2014 00:00:00 GMT+0800 (China Standard Time),3.86,3.93,3.86,3.86,4000,3.86,LBIX
Thu Oct 16 2014 00:00:00 GMT+0800 (China Standard Time),3.86,3.96,3.86,3.94,7100,3.94,LBIX
Fri Oct 17 2014 00:00:00 GMT+0800 (China Standard Time),3.91,3.96,3.91,3.96,11200,3.96,LBIX
Mon Oct 20 2014 00:00:00 GMT+0800 (China Standard Time),3.96,4.02,3.96,4.01,16800,4.01,LBIX
Tue Oct 21 2014 00:00:00 GMT+0800 (China Standard Time),4.07,4.07,3.97,3.98,2300,3.98,LBIX
Wed Oct 22 2014 00:00:00 GMT+0800 (China Standard Time),3.98,4.09,3.97,3.97,1700,3.97,LBIX
Thu Oct 23 2014 00:00:00 GMT+0800 (China Standard Time),4,4.06,3.98,3.98,800,3.98,LBIX
Fri Oct 24 2014 00:00:00 GMT+0800 (China Standard Time),3.98,4.04,3.98,4,13000,4,LBIX
Mon Oct 27 2014 00:00:00 GMT+0800 (China Standard Time),4.03,4.07,3.99,3.99,5700,3.99,LBIX
Tue Oct 28 2014 00:00:00 GMT+0800 (China Standard Time),4.08,4.08,3.99,4,3500,4,LBIX
Wed Oct 29 2014 00:00:00 GMT+0800 (China Standard Time),4,4,4,4,0,4,LBIX
Thu Oct 30 2014 00:00:00 GMT+0800 (China Standard Time),4,4,4,4,100,4,LBIX
Fri Oct 31 2014 00:00:00 GMT+0800 (China Standard Time),3.98,4.1,3.98,4.09,5300,4.09,LBIX
Mon Nov 03 2014 00:00:00 GMT+0800 (China Standard Time),4.2,4.2,4.02,4.13,9500,4.13,LBIX
Tue Nov 04 2014 00:00:00 GMT+0800 (China Standard Time),4.1,4.14,4.08,4.14,3200,4.14,LBIX
Wed Nov 05 2014 00:00:00 GMT+0800 (China Standard Time),4.09,4.14,4.09,4.13,7200,4.13,LBIX
Thu Nov 06 2014 00:00:00 GMT+0800 (China Standard Time),4.2,4.2,4.1,4.11,9400,4.11,LBIX
Fri Nov 07 2014 00:00:00 GMT+0800 (China Standard Time),4.09,4.14,4.09,4.14,9200,4.14,LBIX
Mon Nov 10 2014 00:00:00 GMT+0800 (China Standard Time),4.08,4.13,4.03,4.03,5000,4.03,LBIX
Tue Nov 11 2014 00:00:00 GMT+0800 (China Standard Time),4.02,4.03,3.87,3.87,17400,3.87,LBIX
Wed Nov 12 2014 00:00:00 GMT+0800 (China Standard Time),3.86,4,3.86,4,1800,4,LBIX
Thu Nov 13 2014 00:00:00 GMT+0800 (China Standard Time),3.93,4.07,3.77,4.04,10000,4.04,LBIX
Fri Nov 14 2014 00:00:00 GMT+0800 (China Standard Time),4.09,4.1,3.87,4.09,4500,4.09,LBIX
Mon Nov 17 2014 00:00:00 GMT+0800 (China Standard Time),3.98,4.14,3.98,4.02,4600,4.02,LBIX
Tue Nov 18 2014 00:00:00 GMT+0800 (China Standard Time),4.02,4.02,4,4,2800,4,LBIX
Wed Nov 19 2014 00:00:00 GMT+0800 (China Standard Time),4.09,4.09,4.09,4.09,100,4.09,LBIX
Thu Nov 20 2014 00:00:00 GMT+0800 (China Standard Time),4.06,4.06,4.01,4.02,2100,4.02,LBIX
Fri Nov 21 2014 00:00:00 GMT+0800 (China Standard Time),4.07,4.07,4.04,4.04,1200,4.04,LBIX
Mon Nov 24 2014 00:00:00 GMT+0800 (China Standard Time),4.07,4.2,4,4.05,14000,4.05,LBIX
Tue Nov 25 2014 00:00:00 GMT+0800 (China Standard Time),4.1,4.2,4.1,4.18,10600,4.18,LBIX
Wed Nov 26 2014 00:00:00 GMT+0800 (China Standard Time),4.16,4.17,4.14,4.17,2200,4.17,LBIX
Fri Nov 28 2014 00:00:00 GMT+0800 (China Standard Time),4.15,4.15,4.04,4.04,2100,4.04,LBIX
Mon Dec 01 2014 00:00:00 GMT+0800 (China Standard Time),3.98,3.98,3.72,3.72,33800,3.72,LBIX
Tue Dec 02 2014 00:00:00 GMT+0800 (China Standard Time),3.7,3.74,3.5,3.53,4800,3.53,LBIX
Wed Dec 03 2014 00:00:00 GMT+0800 (China Standard Time),3.5,3.56,3.37,3.5,26200,3.5,LBIX
Thu Dec 04 2014 00:00:00 GMT+0800 (China Standard Time),3.44,3.51,3.44,3.49,6400,3.49,LBIX
Fri Dec 05 2014 00:00:00 GMT+0800 (China Standard Time),3.49,3.56,3.49,3.56,2300,3.56,LBIX
Mon Dec 08 2014 00:00:00 GMT+0800 (China Standard Time),3.57,3.57,3.46,3.56,5900,3.56,LBIX
Tue Dec 09 2014 00:00:00 GMT+0800 (China Standard Time),3.48,3.54,3.45,3.54,1200,3.54,LBIX
Wed Dec 10 2014 00:00:00 GMT+0800 (China Standard Time),3.5,3.5,3.5,3.5,900,3.5,LBIX
Thu Dec 11 2014 00:00:00 GMT+0800 (China Standard Time),3.56,3.6,3.56,3.6,1200,3.6,LBIX
Fri Dec 12 2014 00:00:00 GMT+0800 (China Standard Time),3.54,3.85,3.54,3.64,3600,3.64,LBIX
Mon Dec 15 2014 00:00:00 GMT+0800 (China Standard Time),3.98,3.98,3.64,3.64,1700,3.64,LBIX
Tue Dec 16 2014 00:00:00 GMT+0800 (China Standard Time),3.64,3.64,3.48,3.48,5400,3.48,LBIX
Wed Dec 17 2014 00:00:00 GMT+0800 (China Standard Time),3.38,3.55,3.38,3.52,10600,3.52,LBIX
Thu Dec 18 2014 00:00:00 GMT+0800 (China Standard Time),3.38,3.51,3.38,3.44,5900,3.44,LBIX
Fri Dec 19 2014 00:00:00 GMT+0800 (China Standard Time),3.45,3.46,3.41,3.41,6300,3.41,LBIX
Mon Dec 22 2014 00:00:00 GMT+0800 (China Standard Time),3.4,3.6,3.4,3.55,7300,3.55,LBIX
Tue Dec 23 2014 00:00:00 GMT+0800 (China Standard Time),3.5,3.5,3.41,3.41,3200,3.41,LBIX
Wed Dec 24 2014 00:00:00 GMT+0800 (China Standard Time),3.47,3.52,3.47,3.5,1400,3.5,LBIX
Fri Dec 26 2014 00:00:00 GMT+0800 (China Standard Time),3.44,3.54,3.41,3.42,2800,3.42,LBIX
Mon Dec 29 2014 00:00:00 GMT+0800 (China Standard Time),3.4,3.55,3.4,3.41,4600,3.41,LBIX
Tue Dec 30 2014 00:00:00 GMT+0800 (China Standard Time),3.41,3.52,3.4,3.44,17900,3.44,LBIX
Wed Dec 31 2014 00:00:00 GMT+0800 (China Standard Time),3.37,3.5,3.37,3.5,11700,3.5,LBIX
Fri Jan 02 2015 00:00:00 GMT+0800 (China Standard Time),3.57,3.99,3.53,3.93,37800,3.93,LBIX
Mon Jan 05 2015 00:00:00 GMT+0800 (China Standard Time),3.79,3.92,3.66,3.83,19800,3.83,LBIX
Tue Jan 06 2015 00:00:00 GMT+0800 (China Standard Time),3.7,3.82,3.7,3.82,2000,3.82,LBIX
Wed Jan 07 2015 00:00:00 GMT+0800 (China Standard Time),3.77,3.82,3.53,3.53,9600,3.53,LBIX
Thu Jan 08 2015 00:00:00 GMT+0800 (China Standard Time),3.66,3.71,3.51,3.51,19900,3.51,LBIX
Fri Jan 09 2015 00:00:00 GMT+0800 (China Standard Time),3.51,3.51,3.51,3.51,3100,3.51,LBIX
Mon Jan 12 2015 00:00:00 GMT+0800 (China Standard Time),3.5,3.82,3.5,3.71,2500,3.71,LBIX
Tue Jan 13 2015 00:00:00 GMT+0800 (China Standard Time),3.71,3.71,3.71,3.71,0,3.71,LBIX
Wed Jan 14 2015 00:00:00 GMT+0800 (China Standard Time),3.65,3.65,3.59,3.59,5900,3.59,LBIX
Thu Jan 15 2015 00:00:00 GMT+0800 (China Standard Time),3.5,3.5,3.5,3.5,1300,3.5,LBIX
Fri Jan 16 2015 00:00:00 GMT+0800 (China Standard Time),3.5,3.5,3.22,3.42,4600,3.42,LBIX
Tue Jan 20 2015 00:00:00 GMT+0800 (China Standard Time),3.47,3.47,3.34,3.44,5800,3.44,LBIX
Wed Jan 21 2015 00:00:00 GMT+0800 (China Standard Time),3.5,3.8,3.48,3.52,8500,3.52,LBIX
Thu Jan 22 2015 00:00:00 GMT+0800 (China Standard Time),3.6,3.69,3.6,3.63,6800,3.63,LBIX
Fri Jan 23 2015 00:00:00 GMT+0800 (China Standard Time),3.45,3.62,3.33,3.4,2300,3.4,LBIX
Mon Jan 26 2015 00:00:00 GMT+0800 (China Standard Time),3.42,3.8,3.42,3.8,6800,3.8,LBIX
Tue Jan 27 2015 00:00:00 GMT+0800 (China Standard Time),3.63,3.63,3.63,3.63,200,3.63,LBIX
Wed Jan 28 2015 00:00:00 GMT+0800 (China Standard Time),3.61,3.78,3.61,3.74,2500,3.74,LBIX
Thu Jan 29 2015 00:00:00 GMT+0800 (China Standard Time),3.62,3.79,3.61,3.7,1800,3.7,LBIX
Fri Jan 30 2015 00:00:00 GMT+0800 (China Standard Time),3.74,3.74,3.61,3.61,2600,3.61,LBIX
Mon Feb 02 2015 00:00:00 GMT+0800 (China Standard Time),3.42,3.47,3.26,3.36,31500,3.36,LBIX
Tue Feb 03 2015 00:00:00 GMT+0800 (China Standard Time),3.41,3.41,3.38,3.38,3100,3.38,LBIX
Wed Feb 04 2015 00:00:00 GMT+0800 (China Standard Time),3.31,3.44,3.31,3.31,6200,3.31,LBIX
Thu Feb 05 2015 00:00:00 GMT+0800 (China Standard Time),3.31,3.39,3.31,3.35,4300,3.35,LBIX
Fri Feb 06 2015 00:00:00 GMT+0800 (China Standard Time),3.31,3.32,3.31,3.32,10800,3.32,LBIX
Mon Feb 09 2015 00:00:00 GMT+0800 (China Standard Time),3.4,3.49,3.39,3.49,14400,3.49,LBIX
Tue Feb 10 2015 00:00:00 GMT+0800 (China Standard Time),3.5,3.5,3.41,3.42,8200,3.42,LBIX
Wed Feb 11 2015 00:00:00 GMT+0800 (China Standard Time),3.47,3.48,3.42,3.42,8600,3.42,LBIX
Thu Feb 12 2015 00:00:00 GMT+0800 (China Standard Time),3.41,3.49,3.38,3.49,3100,3.49,LBIX
Fri Feb 13 2015 00:00:00 GMT+0800 (China Standard Time),3.41,3.46,3.41,3.43,5900,3.43,LBIX
Tue Feb 17 2015 00:00:00 GMT+0800 (China Standard Time),3.19,3.29,3.14,3.14,23000,3.14,LBIX
Wed Feb 18 2015 00:00:00 GMT+0800 (China Standard Time),3.1,3.17,3.04,3.05,8200,3.05,LBIX
Thu Feb 19 2015 00:00:00 GMT+0800 (China Standard Time),3.24,3.24,3.05,3.05,2700,3.05,LBIX
Fri Feb 20 2015 00:00:00 GMT+0800 (China Standard Time),3.04,3.17,2.83,2.86,13400,2.86,LBIX
Mon Feb 23 2015 00:00:00 GMT+0800 (China Standard Time),2.91,3.3,2.91,3.11,16700,3.11,LBIX
Tue Feb 24 2015 00:00:00 GMT+0800 (China Standard Time),3.1,3.3,3.1,3.25,2200,3.25,LBIX
Wed Feb 25 2015 00:00:00 GMT+0800 (China Standard Time),3.16,3.28,3.16,3.28,500,3.28,LBIX
Thu Feb 26 2015 00:00:00 GMT+0800 (China Standard Time),3.29,3.3,3.29,3.3,3000,3.3,LBIX
Fri Feb 27 2015 00:00:00 GMT+0800 (China Standard Time),3.29,3.34,3.29,3.34,7300,3.34,LBIX
Mon Mar 02 2015 00:00:00 GMT+0800 (China Standard Time),3.32,3.45,3.32,3.45,12000,3.45,LBIX
Tue Mar 03 2015 00:00:00 GMT+0800 (China Standard Time),3.14,3.44,3.09,3.36,4600,3.36,LBIX
Wed Mar 04 2015 00:00:00 GMT+0800 (China Standard Time),3.42,3.42,3.23,3.26,1100,3.26,LBIX
Thu Mar 05 2015 00:00:00 GMT+0800 (China Standard Time),3.19,3.45,3.19,3.44,15700,3.44,LBIX
Fri Mar 06 2015 00:00:00 GMT+0800 (China Standard Time),3.44,3.47,3.41,3.47,6900,3.47,LBIX
Mon Mar 09 2015 00:00:00 GMT+0800 (China Standard Time),3.6,3.64,3.6,3.64,1400,3.64,LBIX
Tue Mar 10 2015 00:00:00 GMT+0800 (China Standard Time),3.64,3.68,3.55,3.6,11900,3.6,LBIX
Wed Mar 11 2015 00:00:00 GMT+0800 (China Standard Time),3.56,3.58,3.56,3.58,1200,3.58,LBIX
Thu Mar 12 2015 00:00:00 GMT+0800 (China Standard Time),3.58,3.58,3.58,3.58,0,3.58,LBIX
Fri Mar 13 2015 00:00:00 GMT+0800 (China Standard Time),3.6,3.62,3.5,3.5,8100,3.5,LBIX
Mon Mar 16 2015 00:00:00 GMT+0800 (China Standard Time),3.59,3.68,3.52,3.68,9600,3.68,LBIX
Tue Mar 17 2015 00:00:00 GMT+0800 (China Standard Time),3.68,3.68,3.67,3.67,1400,3.67,LBIX
Wed Mar 18 2015 00:00:00 GMT+0800 (China Standard Time),3.66,3.66,3.51,3.52,2600,3.52,LBIX
Thu Mar 19 2015 00:00:00 GMT+0800 (China Standard Time),3.6,3.6,3.59,3.59,700,3.59,LBIX
Fri Mar 20 2015 00:00:00 GMT+0800 (China Standard Time),3.58,3.62,3.58,3.62,1100,3.62,LBIX
Mon Mar 23 2015 00:00:00 GMT+0800 (China Standard Time),3.57,3.57,3.52,3.53,3300,3.53,LBIX
Tue Mar 24 2015 00:00:00 GMT+0800 (China Standard Time),3.5,3.56,3.41,3.42,14100,3.42,LBIX
Wed Mar 25 2015 00:00:00 GMT+0800 (China Standard Time),3.41,3.41,3.28,3.28,1000,3.28,LBIX
Thu Mar 26 2015 00:00:00 GMT+0800 (China Standard Time),3.35,3.35,3.24,3.28,4000,3.28,LBIX
Fri Mar 27 2015 00:00:00 GMT+0800 (China Standard Time),3.28,3.59,3.27,3.53,1500,3.53,LBIX
Mon Mar 30 2015 00:00:00 GMT+0800 (China Standard Time),3.27,3.27,2.9,3.14,4700,3.14,LBIX
Tue Mar 31 2015 00:00:00 GMT+0800 (China Standard Time),3.02,3.23,3.02,3.03,6300,3.03,LBIX
Wed Apr 01 2015 00:00:00 GMT+0800 (China Standard Time),3.02,3.07,3.02,3.07,900,3.07,LBIX
Thu Apr 02 2015 00:00:00 GMT+0800 (China Standard Time),3.23,3.53,3.23,3.5,18400,3.5,LBIX
Mon Apr 06 2015 00:00:00 GMT+0800 (China Standard Time),3.52,3.52,3.26,3.45,2200,3.45,LBIX
Tue Apr 07 2015 00:00:00 GMT+0800 (China Standard Time),3.53,3.74,3.53,3.71,14300,3.71,LBIX
Wed Apr 08 2015 00:00:00 GMT+0800 (China Standard Time),3.74,3.74,3.6,3.7,2300,3.7,LBIX
Thu Apr 09 2015 00:00:00 GMT+0800 (China Standard Time),3.7,3.7,3.7,3.7,0,3.7,LBIX
Fri Apr 10 2015 00:00:00 GMT+0800 (China Standard Time),3.49,3.49,3.49,3.49,600,3.49,LBIX
Mon Apr 13 2015 00:00:00 GMT+0800 (China Standard Time),3.52,3.54,3.23,3.3,10400,3.3,LBIX
Tue Apr 14 2015 00:00:00 GMT+0800 (China Standard Time),3.31,3.64,3.31,3.64,500,3.64,LBIX
Wed Apr 15 2015 00:00:00 GMT+0800 (China Standard Time),3.32,3.35,3.21,3.26,2200,3.26,LBIX
Thu Apr 16 2015 00:00:00 GMT+0800 (China Standard Time),3.27,3.31,3.27,3.31,3300,3.31,LBIX
Fri Apr 17 2015 00:00:00 GMT+0800 (China Standard Time),3.4,3.4,3.37,3.37,1400,3.37,LBIX
Mon Apr 20 2015 00:00:00 GMT+0800 (China Standard Time),3.45,3.65,3.45,3.65,2500,3.65,LBIX
Tue Apr 21 2015 00:00:00 GMT+0800 (China Standard Time),3.64,3.64,3.38,3.38,1300,3.38,LBIX
Wed Apr 22 2015 00:00:00 GMT+0800 (China Standard Time),3.6,3.6,3.6,3.6,700,3.6,LBIX
Thu Apr 23 2015 00:00:00 GMT+0800 (China Standard Time),3.35,3.53,3.29,3.47,2200,3.47,LBIX
Fri Apr 24 2015 00:00:00 GMT+0800 (China Standard Time),3.33,3.37,3.16,3.37,4000,3.37,LBIX
Mon Apr 27 2015 00:00:00 GMT+0800 (China Standard Time),3.23,3.23,3.2,3.2,600,3.2,LBIX
Tue Apr 28 2015 00:00:00 GMT+0800 (China Standard Time),3.3,3.34,3.21,3.21,7100,3.21,LBIX
Wed Apr 29 2015 00:00:00 GMT+0800 (China Standard Time),3.24,3.28,3.23,3.28,2100,3.28,LBIX
Thu Apr 30 2015 00:00:00 GMT+0800 (China Standard Time),3.22,3.22,3.22,3.22,300,3.22,LBIX
Fri May 01 2015 00:00:00 GMT+0800 (China Standard Time),3.18,3.33,3.18,3.25,400,3.25,LBIX
Mon May 04 2015 00:00:00 GMT+0800 (China Standard Time),3.26,3.31,3.19,3.19,2400,3.19,LBIX
Tue May 05 2015 00:00:00 GMT+0800 (China Standard Time),3.2,3.3,3.2,3.3,2100,3.3,LBIX
Wed May 06 2015 00:00:00 GMT+0800 (China Standard Time),3.25,3.57,3.25,3.57,1500,3.57,LBIX
Thu May 07 2015 00:00:00 GMT+0800 (China Standard Time),3.57,3.57,3.57,3.57,0,3.57,LBIX
Fri May 08 2015 00:00:00 GMT+0800 (China Standard Time),3.31,3.59,3.31,3.57,2800,3.57,LBIX
Mon May 11 2015 00:00:00 GMT+0800 (China Standard Time),3.58,3.67,3.54,3.55,6500,3.55,LBIX
Tue May 12 2015 00:00:00 GMT+0800 (China Standard Time),3.54,3.54,3.54,3.54,900,3.54,LBIX
Wed May 13 2015 00:00:00 GMT+0800 (China Standard Time),3.54,3.54,3.54,3.54,0,3.54,LBIX
Thu May 14 2015 00:00:00 GMT+0800 (China Standard Time),3.6,3.62,3.6,3.6,2200,3.6,LBIX
Fri May 15 2015 00:00:00 GMT+0800 (China Standard Time),3.45,3.67,3.33,3.65,5800,3.65,LBIX
Mon May 18 2015 00:00:00 GMT+0800 (China Standard Time),3.65,3.73,3.65,3.73,2000,3.73,LBIX
Tue May 19 2015 00:00:00 GMT+0800 (China Standard Time),3.57,3.76,3.5,3.63,7900,3.63,LBIX
Wed May 20 2015 00:00:00 GMT+0800 (China Standard Time),3.82,3.82,3.82,3.82,300,3.82,LBIX
Thu May 21 2015 00:00:00 GMT+0800 (China Standard Time),3.74,4.01,3.74,4,5300,4,LBIX
Fri May 22 2015 00:00:00 GMT+0800 (China Standard Time),3.93,3.93,3.92,3.92,1300,3.92,LBIX
Tue May 26 2015 00:00:00 GMT+0800 (China Standard Time),3.7,3.92,3.7,3.8,3500,3.8,LBIX
Wed May 27 2015 00:00:00 GMT+0800 (China Standard Time),3.71,3.72,3.7,3.71,5100,3.71,LBIX
Thu May 28 2015 00:00:00 GMT+0800 (China Standard Time),3.69,3.72,3.69,3.72,3200,3.72,LBIX
Fri May 29 2015 00:00:00 GMT+0800 (China Standard Time),3.72,3.72,3.72,3.72,0,3.72,LBIX
Mon Jun 01 2015 00:00:00 GMT+0800 (China Standard Time),3.6,3.78,3.6,3.73,7900,3.73,LBIX
Tue Jun 02 2015 00:00:00 GMT+0800 (China Standard Time),3.77,4.18,3.75,3.9,13000,3.9,LBIX
Wed Jun 03 2015 00:00:00 GMT+0800 (China Standard Time),4.01,4.01,3.7,3.85,2800,3.85,LBIX
Thu Jun 04 2015 00:00:00 GMT+0800 (China Standard Time),3.88,3.88,3.64,3.8,4600,3.8,LBIX
Fri Jun 05 2015 00:00:00 GMT+0800 (China Standard Time),3.8,3.8,3.8,3.8,0,3.8,LBIX
Mon Jun 08 2015 00:00:00 GMT+0800 (China Standard Time),3.62,3.71,3.62,3.71,1300,3.71,LBIX
Tue Jun 09 2015 00:00:00 GMT+0800 (China Standard Time),3.71,3.71,3.71,3.71,0,3.71,LBIX
Wed Jun 10 2015 00:00:00 GMT+0800 (China Standard Time),3.75,3.8,3.61,3.8,3600,3.8,LBIX
Thu Jun 11 2015 00:00:00 GMT+0800 (China Standard Time),3.61,3.96,3.61,3.94,1400,3.94,LBIX
Fri Jun 12 2015 00:00:00 GMT+0800 (China Standard Time),3.68,3.89,3.68,3.89,600,3.89,LBIX
Mon Jun 15 2015 00:00:00 GMT+0800 (China Standard Time),3.67,3.85,3.67,3.78,7100,3.78,LBIX
Tue Jun 16 2015 00:00:00 GMT+0800 (China Standard Time),3.74,3.78,3.65,3.66,4300,3.66,LBIX
Wed Jun 17 2015 00:00:00 GMT+0800 (China Standard Time),3.66,4,3.65,3.82,14600,3.82,LBIX
Thu Jun 18 2015 00:00:00 GMT+0800 (China Standard Time),3.84,4,3.84,3.96,5900,3.96,LBIX
Fri Jun 19 2015 00:00:00 GMT+0800 (China Standard Time),3.88,4,3.76,4,3100,4,LBIX
Mon Jun 22 2015 00:00:00 GMT+0800 (China Standard Time),4.01,4.02,3.86,3.86,4500,3.86,LBIX
Tue Jun 23 2015 00:00:00 GMT+0800 (China Standard Time),3.86,3.95,3.85,3.86,23600,3.86,LBIX
Wed Jun 24 2015 00:00:00 GMT+0800 (China Standard Time),3.84,4.01,3.84,3.94,10400,3.94,LBIX
Thu Jun 25 2015 00:00:00 GMT+0800 (China Standard Time),3.95,4.27,3.91,3.91,20500,3.91,LBIX
Fri Jun 26 2015 00:00:00 GMT+0800 (China Standard Time),4,4,3.9,3.9,5800,3.9,LBIX
Mon Jun 29 2015 00:00:00 GMT+0800 (China Standard Time),3.89,3.89,3.89,3.89,500,3.89,LBIX
Tue Jun 30 2015 00:00:00 GMT+0800 (China Standard Time),3.85,3.85,3.8,3.8,5200,3.8,LBIX
Wed Jul 01 2015 00:00:00 GMT+0800 (China Standard Time),3.89,3.89,3.8,3.82,12700,3.82,LBIX
Thu Jul 02 2015 00:00:00 GMT+0800 (China Standard Time),3.7,3.88,3.7,3.73,16900,3.73,LBIX
Mon Jul 06 2015 00:00:00 GMT+0800 (China Standard Time),3.73,3.85,3.73,3.73,700,3.73,LBIX
Tue Jul 07 2015 00:00:00 GMT+0800 (China Standard Time),3.71,3.8,3.71,3.75,1300,3.75,LBIX
Wed Jul 08 2015 00:00:00 GMT+0800 (China Standard Time),3.96,3.97,3.7,3.7,11400,3.7,LBIX
Thu Jul 09 2015 00:00:00 GMT+0800 (China Standard Time),3.93,3.96,3.76,3.77,1500,3.77,LBIX
Fri Jul 10 2015 00:00:00 GMT+0800 (China Standard Time),3.92,3.92,3.75,3.75,200,3.75,LBIX
Mon Jul 13 2015 00:00:00 GMT+0800 (China Standard Time),3.73,3.83,3.68,3.69,15100,3.69,LBIX
Tue Jul 14 2015 00:00:00 GMT+0800 (China Standard Time),3.6,3.66,3.43,3.43,12000,3.43,LBIX
Wed Jul 15 2015 00:00:00 GMT+0800 (China Standard Time),3.8,4,3.66,3.67,15700,3.67,LBIX
Thu Jul 16 2015 00:00:00 GMT+0800 (China Standard Time),3.67,3.75,3.41,3.66,9400,3.66,LBIX
Fri Jul 17 2015 00:00:00 GMT+0800 (China Standard Time),3.42,3.61,3.42,3.61,1200,3.61,LBIX
Mon Jul 20 2015 00:00:00 GMT+0800 (China Standard Time),3.42,3.7,3.42,3.7,3200,3.7,LBIX
Tue Jul 21 2015 00:00:00 GMT+0800 (China Standard Time),3.63,3.8,3.63,3.72,2200,3.72,LBIX
Wed Jul 22 2015 00:00:00 GMT+0800 (China Standard Time),3.58,3.8,3.58,3.7,1700,3.7,LBIX
Thu Jul 23 2015 00:00:00 GMT+0800 (China Standard Time),3.8,3.8,3.74,3.79,2800,3.79,LBIX
Fri Jul 24 2015 00:00:00 GMT+0800 (China Standard Time),3.79,3.8,3.51,3.7,7900,3.7,LBIX
Mon Jul 27 2015 00:00:00 GMT+0800 (China Standard Time),3.7,3.8,3.7,3.73,6100,3.73,LBIX
Tue Jul 28 2015 00:00:00 GMT+0800 (China Standard Time),3.6,4,3.46,3.98,6200,3.98,LBIX
Wed Jul 29 2015 00:00:00 GMT+0800 (China Standard Time),4.04,4.08,4,4,1600,4,LBIX
Thu Jul 30 2015 00:00:00 GMT+0800 (China Standard Time),3.65,4,3.65,4,1700,4,LBIX
Fri Jul 31 2015 00:00:00 GMT+0800 (China Standard Time),3.71,3.98,3.65,3.97,4500,3.97,LBIX
Mon Aug 03 2015 00:00:00 GMT+0800 (China Standard Time),3.99,4,3.65,3.85,5300,3.85,LBIX
Tue Aug 04 2015 00:00:00 GMT+0800 (China Standard Time),3.98,3.98,3.95,3.95,200,3.95,LBIX
Wed Aug 05 2015 00:00:00 GMT+0800 (China Standard Time),3.95,3.95,3.78,3.83,700,3.83,LBIX
Thu Aug 06 2015 00:00:00 GMT+0800 (China Standard Time),3.66,3.89,3.66,3.89,1000,3.89,LBIX
Fri Aug 07 2015 00:00:00 GMT+0800 (China Standard Time),3.93,3.93,3.74,3.8,500,3.8,LBIX
Mon Aug 10 2015 00:00:00 GMT+0800 (China Standard Time),3.92,3.92,3.58,3.7,1000,3.7,LBIX
Tue Aug 11 2015 00:00:00 GMT+0800 (China Standard Time),3.9,3.95,3.65,3.78,3100,3.78,LBIX
Wed Aug 12 2015 00:00:00 GMT+0800 (China Standard Time),3.9,3.91,3.75,3.88,4100,3.88,LBIX
Thu Aug 13 2015 00:00:00 GMT+0800 (China Standard Time),3.72,3.9,3.6,3.73,6700,3.73,LBIX
Fri Aug 14 2015 00:00:00 GMT+0800 (China Standard Time),3.61,3.78,3.47,3.59,4400,3.59,LBIX
Mon Aug 17 2015 00:00:00 GMT+0800 (China Standard Time),3.74,3.74,3.43,3.58,2200,3.58,LBIX
Tue Aug 18 2015 00:00:00 GMT+0800 (China Standard Time),3.58,3.6,3.43,3.43,4000,3.43,LBIX
Wed Aug 19 2015 00:00:00 GMT+0800 (China Standard Time),3.44,3.55,3.21,3.52,5800,3.52,LBIX
Thu Aug 20 2015 00:00:00 GMT+0800 (China Standard Time),3.45,3.45,3.45,3.45,400,3.45,LBIX
Fri Aug 21 2015 00:00:00 GMT+0800 (China Standard Time),3.44,3.55,3.44,3.55,1700,3.55,LBIX
Mon Aug 24 2015 00:00:00 GMT+0800 (China Standard Time),3.55,3.55,3.55,3.55,0,3.55,LBIX
Tue Aug 25 2015 00:00:00 GMT+0800 (China Standard Time),3.74,3.74,3.74,3.74,100,3.74,LBIX
Wed Aug 26 2015 00:00:00 GMT+0800 (China Standard Time),3.72,3.72,3.72,3.72,200,3.72,LBIX
Thu Aug 27 2015 00:00:00 GMT+0800 (China Standard Time),3.74,3.83,3.61,3.69,500,3.69,LBIX
Fri Aug 28 2015 00:00:00 GMT+0800 (China Standard Time),3.75,3.75,3.75,3.75,600,3.75,LBIX
Mon Aug 31 2015 00:00:00 GMT+0800 (China Standard Time),3.72,3.72,3.42,3.68,1200,3.68,LBIX
Tue Sep 01 2015 00:00:00 GMT+0800 (China Standard Time),3.46,3.73,3.46,3.73,600,3.73,LBIX
Wed Sep 02 2015 00:00:00 GMT+0800 (China Standard Time),3.43,3.72,3.43,3.72,600,3.72,LBIX
Thu Sep 03 2015 00:00:00 GMT+0800 (China Standard Time),3.4,3.83,3.4,3.72,13300,3.72,LBIX
Fri Sep 04 2015 00:00:00 GMT+0800 (China Standard Time),3.75,3.75,3.61,3.72,500,3.72,LBIX
Tue Sep 08 2015 00:00:00 GMT+0800 (China Standard Time),3.69,3.71,3.62,3.68,5500,3.68,LBIX
Wed Sep 09 2015 00:00:00 GMT+0800 (China Standard Time),3.7,3.9,3.62,3.87,9500,3.87,LBIX
Thu Sep 10 2015 00:00:00 GMT+0800 (China Standard Time),3.87,3.87,3.84,3.87,600,3.87,LBIX
Fri Sep 11 2015 00:00:00 GMT+0800 (China Standard Time),3.76,3.85,3.76,3.85,700,3.85,LBIX
Mon Sep 14 2015 00:00:00 GMT+0800 (China Standard Time),3.83,3.84,3.82,3.84,15000,3.84,LBIX
Tue Sep 15 2015 00:00:00 GMT+0800 (China Standard Time),3.82,3.82,3.82,3.82,100,3.82,LBIX
Wed Sep 16 2015 00:00:00 GMT+0800 (China Standard Time),3.68,3.69,3.68,3.69,700,3.69,LBIX
Thu Sep 17 2015 00:00:00 GMT+0800 (China Standard Time),3.78,3.78,3.49,3.78,400,3.78,LBIX
Fri Sep 18 2015 00:00:00 GMT+0800 (China Standard Time),3.67,3.8,3.67,3.8,7300,3.8,LBIX
Mon Sep 21 2015 00:00:00 GMT+0800 (China Standard Time),3.56,3.78,3.56,3.76,300,3.76,LBIX
Tue Sep 22 2015 00:00:00 GMT+0800 (China Standard Time),3.72,3.76,3.6,3.76,700,3.76,LBIX
Wed Sep 23 2015 00:00:00 GMT+0800 (China Standard Time),3.6,3.75,3.6,3.75,200,3.75,LBIX
Thu Sep 24 2015 00:00:00 GMT+0800 (China Standard Time),3.71,3.76,3.47,3.49,10000,3.49,LBIX
Fri Sep 25 2015 00:00:00 GMT+0800 (China Standard Time),3.6,3.63,3.53,3.53,800,3.53,LBIX
Mon Sep 28 2015 00:00:00 GMT+0800 (China Standard Time),3.53,3.59,3.5,3.59,3700,3.59,LBIX
Tue Sep 29 2015 00:00:00 GMT+0800 (China Standard Time),3.62,3.62,3.53,3.53,500,3.53,LBIX
Wed Sep 30 2015 00:00:00 GMT+0800 (China Standard Time),3.6,3.6,3.53,3.53,2500,3.53,LBIX
Thu Oct 01 2015 00:00:00 GMT+0800 (China Standard Time),3.52,3.55,3.5,3.54,3700,3.54,LBIX
Fri Oct 02 2015 00:00:00 GMT+0800 (China Standard Time),3.51,3.54,3.51,3.54,600,3.54,LBIX
Mon Oct 05 2015 00:00:00 GMT+0800 (China Standard Time),3.55,3.55,3.5,3.5,600,3.5,LBIX
Tue Oct 06 2015 00:00:00 GMT+0800 (China Standard Time),3.5,3.55,3.5,3.51,1500,3.51,LBIX
Wed Oct 07 2015 00:00:00 GMT+0800 (China Standard Time),3.5,3.52,3.26,3.51,2500,3.51,LBIX
Thu Oct 08 2015 00:00:00 GMT+0800 (China Standard Time),3.52,3.55,3.34,3.5,4200,3.5,LBIX
Fri Oct 09 2015 00:00:00 GMT+0800 (China Standard Time),3.37,3.5,3.37,3.48,6200,3.48,LBIX
Mon Oct 12 2015 00:00:00 GMT+0800 (China Standard Time),3.36,3.49,3.36,3.49,200,3.49,LBIX
Tue Oct 13 2015 00:00:00 GMT+0800 (China Standard Time),3.48,3.49,3.37,3.38,800,3.38,LBIX
Wed Oct 14 2015 00:00:00 GMT+0800 (China Standard Time),3.48,3.48,3.46,3.46,300,3.46,LBIX
Thu Oct 15 2015 00:00:00 GMT+0800 (China Standard Time),3.16,3.48,3.16,3.46,1600,3.46,LBIX
Fri Oct 16 2015 00:00:00 GMT+0800 (China Standard Time),3.47,3.48,3.4,3.45,500,3.45,LBIX
Mon Oct 19 2015 00:00:00 GMT+0800 (China Standard Time),3.3,3.45,3.3,3.45,200,3.45,LBIX
Tue Oct 20 2015 00:00:00 GMT+0800 (China Standard Time),3.45,3.45,3.28,3.45,600,3.45,LBIX
Wed Oct 21 2015 00:00:00 GMT+0800 (China Standard Time),3.31,3.47,3.31,3.47,200,3.47,LBIX
Thu Oct 22 2015 00:00:00 GMT+0800 (China Standard Time),3.33,3.46,3.22,3.45,1100,3.45,LBIX
Fri Oct 23 2015 00:00:00 GMT+0800 (China Standard Time),3.25,3.45,3.25,3.44,300,3.44,LBIX
Mon Oct 26 2015 00:00:00 GMT+0800 (China Standard Time),3.44,3.45,3.15,3.21,4500,3.21,LBIX
Tue Oct 27 2015 00:00:00 GMT+0800 (China Standard Time),3.41,3.41,3.2,3.3,1200,3.3,LBIX
Wed Oct 28 2015 00:00:00 GMT+0800 (China Standard Time),3.35,3.35,3.05,3.28,2000,3.28,LBIX
Thu Oct 29 2015 00:00:00 GMT+0800 (China Standard Time),3.28,3.28,3.28,3.28,0,3.28,LBIX
Fri Oct 30 2015 00:00:00 GMT+0800 (China Standard Time),3.08,3.38,3.08,3.38,2900,3.38,LBIX
Mon Nov 02 2015 00:00:00 GMT+0800 (China Standard Time),3.1,3.1,3.07,3.07,500,3.07,LBIX
Tue Nov 03 2015 00:00:00 GMT+0800 (China Standard Time),3.06,3.24,3.06,3.12,2800,3.12,LBIX
Wed Nov 04 2015 00:00:00 GMT+0800 (China Standard Time),3.12,3.12,3.12,3.12,0,3.12,LBIX
Thu Nov 05 2015 00:00:00 GMT+0800 (China Standard Time),3.09,3.09,3.08,3.08,300,3.08,LBIX
Fri Nov 06 2015 00:00:00 GMT+0800 (China Standard Time),3.08,3.08,3.08,3.08,0,3.08,LBIX
Mon Nov 09 2015 00:00:00 GMT+0800 (China Standard Time),3.08,3.08,3.08,3.08,0,3.08,LBIX
Tue Nov 10 2015 00:00:00 GMT+0800 (China Standard Time),3.08,3.08,3.08,3.08,0,3.08,LBIX
Wed Nov 11 2015 00:00:00 GMT+0800 (China Standard Time),3,3.09,3,3.09,1200,3.09,LBIX
Thu Nov 12 2015 00:00:00 GMT+0800 (China Standard Time),3.01,3.07,3.01,3.01,1700,3.01,LBIX
Fri Nov 13 2015 00:00:00 GMT+0800 (China Standard Time),3.01,3.01,3.01,3.01,400,3.01,LBIX
Mon Nov 16 2015 00:00:00 GMT+0800 (China Standard Time),3.01,3.01,3.01,3.01,100,3.01,LBIX
Tue Nov 17 2015 00:00:00 GMT+0800 (China Standard Time),3.01,3.01,3.01,3.01,0,3.01,LBIX
Wed Nov 18 2015 00:00:00 GMT+0800 (China Standard Time),2.95,2.95,2.95,2.95,500,2.95,LBIX
Thu Nov 19 2015 00:00:00 GMT+0800 (China Standard Time),2.88,2.91,2.88,2.91,1100,2.91,LBIX
Fri Nov 20 2015 00:00:00 GMT+0800 (China Standard Time),2.89,2.89,2.89,2.89,100,2.89,LBIX
Mon Nov 23 2015 00:00:00 GMT+0800 (China Standard Time),2.9,2.9,2.89,2.89,6400,2.89,LBIX
Tue Nov 24 2015 00:00:00 GMT+0800 (China Standard Time),2.9,2.95,2.9,2.95,500,2.95,LBIX
Wed Nov 25 2015 00:00:00 GMT+0800 (China Standard Time),2.95,2.95,2.95,2.95,0,2.95,LBIX
Fri Nov 27 2015 00:00:00 GMT+0800 (China Standard Time),2.89,2.95,2.89,2.95,2200,2.95,LBIX
Mon Nov 30 2015 00:00:00 GMT+0800 (China Standard Time),2.94,2.97,2.9,2.95,4400,2.95,LBIX
Tue Dec 01 2015 00:00:00 GMT+0800 (China Standard Time),2.96,3.18,2.96,3.16,2200,3.16,LBIX
Wed Dec 02 2015 00:00:00 GMT+0800 (China Standard Time),3.5,3.5,2.95,2.99,6400,2.99,LBIX
Thu Dec 03 2015 00:00:00 GMT+0800 (China Standard Time),2.95,2.95,2.95,2.95,2200,2.95,LBIX
Fri Dec 04 2015 00:00:00 GMT+0800 (China Standard Time),2.88,2.89,2.88,2.89,300,2.89,LBIX
Mon Dec 07 2015 00:00:00 GMT+0800 (China Standard Time),2.88,2.88,2.88,2.88,1300,2.88,LBIX
Tue Dec 08 2015 00:00:00 GMT+0800 (China Standard Time),2.89,2.89,2.88,2.88,200,2.88,LBIX
Wed Dec 09 2015 00:00:00 GMT+0800 (China Standard Time),2.95,2.95,2.95,2.95,600,2.95,LBIX
Thu Dec 10 2015 00:00:00 GMT+0800 (China Standard Time),2.92,2.97,2.9,2.9,2200,2.9,LBIX
Fri Dec 11 2015 00:00:00 GMT+0800 (China Standard Time),2.93,2.93,2.93,2.93,100,2.93,LBIX
Mon Dec 14 2015 00:00:00 GMT+0800 (China Standard Time),2.9,2.9,2.88,2.88,1500,2.88,LBIX
Tue Dec 15 2015 00:00:00 GMT+0800 (China Standard Time),2.88,2.93,2.88,2.88,3700,2.88,LBIX
Wed Dec 16 2015 00:00:00 GMT+0800 (China Standard Time),2.89,2.89,2.85,2.85,500,2.85,LBIX
Thu Dec 17 2015 00:00:00 GMT+0800 (China Standard Time),2.9,2.91,2.9,2.91,1600,2.91,LBIX
Fri Dec 18 2015 00:00:00 GMT+0800 (China Standard Time),2.83,2.86,2.79,2.86,1100,2.86,LBIX
Mon Dec 21 2015 00:00:00 GMT+0800 (China Standard Time),2.86,2.86,2.86,2.86,0,2.86,LBIX
Tue Dec 22 2015 00:00:00 GMT+0800 (China Standard Time),2.79,2.79,2.75,2.79,2400,2.79,LBIX
Wed Dec 23 2015 00:00:00 GMT+0800 (China Standard Time),2.79,2.79,2.79,2.79,0,2.79,LBIX
Thu Dec 24 2015 00:00:00 GMT+0800 (China Standard Time),2.79,2.79,2.79,2.79,0,2.79,LBIX
Mon Dec 28 2015 00:00:00 GMT+0800 (China Standard Time),2.83,2.83,2.83,2.83,500,2.83,LBIX
Tue Dec 29 2015 00:00:00 GMT+0800 (China Standard Time),2.8,2.8,2.29,2.8,1500,2.8,LBIX
Wed Dec 30 2015 00:00:00 GMT+0800 (China Standard Time),2.72,2.8,2.23,2.78,3400,2.78,LBIX
Thu Dec 31 2015 00:00:00 GMT+0800 (China Standard Time),2.77,2.78,2.77,2.78,700,2.78,LBIX
Mon Jan 04 2016 00:00:00 GMT+0800 (China Standard Time),2.78,2.78,2.78,2.78,0,2.78,LBIX
Tue Jan 05 2016 00:00:00 GMT+0800 (China Standard Time),2.78,2.78,2.78,2.78,0,2.78,LBIX
Wed Jan 06 2016 00:00:00 GMT+0800 (China Standard Time),2.72,2.75,2.16,2.75,1900,2.75,LBIX
Thu Jan 07 2016 00:00:00 GMT+0800 (China Standard Time),2.61,2.83,2.46,2.83,600,2.83,LBIX
Fri Jan 08 2016 00:00:00 GMT+0800 (China Standard Time),2.35,2.68,2.3,2.6,5200,2.6,LBIX
Mon Jan 11 2016 00:00:00 GMT+0800 (China Standard Time),2.25,2.65,2.25,2.51,19700,2.51,LBIX
Tue Jan 12 2016 00:00:00 GMT+0800 (China Standard Time),2.53,2.54,2.37,2.37,2900,2.37,LBIX
Wed Jan 13 2016 00:00:00 GMT+0800 (China Standard Time),2.55,2.58,1.8,2.12,18600,2.12,LBIX
Thu Jan 14 2016 00:00:00 GMT+0800 (China Standard Time),2.32,2.32,1.8,2.04,18700,2.04,LBIX
Fri Jan 15 2016 00:00:00 GMT+0800 (China Standard Time),2.1,2.28,2,2.23,11500,2.23,LBIX
Tue Jan 19 2016 00:00:00 GMT+0800 (China Standard Time),1.8,2.15,1.8,2.15,2200,2.15,LBIX
Wed Jan 20 2016 00:00:00 GMT+0800 (China Standard Time),2.04,2.07,1.8,1.8,500,1.8,LBIX
Thu Jan 21 2016 00:00:00 GMT+0800 (China Standard Time),2.03,2.16,1.86,2.11,5400,2.11,LBIX
Fri Jan 22 2016 00:00:00 GMT+0800 (China Standard Time),1.85,2.01,1.85,2.01,200,2.01,LBIX
Mon Jan 25 2016 00:00:00 GMT+0800 (China Standard Time),2.16,2.16,2.12,2.12,300,2.12,LBIX
Tue Jan 26 2016 00:00:00 GMT+0800 (China Standard Time),1.86,2.1,1.8,1.97,5000,1.97,LBIX
Wed Jan 27 2016 00:00:00 GMT+0800 (China Standard Time),2,2,2,2,100,2,LBIX
Thu Jan 28 2016 00:00:00 GMT+0800 (China Standard Time),1.9,2,1.81,2,6000,2,LBIX
Fri Jan 29 2016 00:00:00 GMT+0800 (China Standard Time),2,2.1,2,2.1,1700,2.1,LBIX
Mon Feb 01 2016 00:00:00 GMT+0800 (China Standard Time),1.9,2.02,1.9,1.96,3800,1.96,LBIX
Tue Feb 02 2016 00:00:00 GMT+0800 (China Standard Time),1.99,1.99,1.97,1.99,1300,1.99,LBIX
Wed Feb 03 2016 00:00:00 GMT+0800 (China Standard Time),1.64,1.97,1.62,1.62,1200,1.62,LBIX
Thu Feb 04 2016 00:00:00 GMT+0800 (China Standard Time),1.62,1.62,1.62,1.62,0,1.62,LBIX
Fri Feb 05 2016 00:00:00 GMT+0800 (China Standard Time),1.82,1.98,1.82,1.9,3500,1.9,LBIX
Mon Feb 08 2016 00:00:00 GMT+0800 (China Standard Time),1.81,1.99,1.81,1.98,5800,1.98,LBIX
Tue Feb 09 2016 00:00:00 GMT+0800 (China Standard Time),2,2.07,1.7,1.92,3200,1.92,LBIX
Wed Feb 10 2016 00:00:00 GMT+0800 (China Standard Time),1.92,1.92,1.92,1.92,0,1.92,LBIX
Thu Feb 11 2016 00:00:00 GMT+0800 (China Standard Time),1.95,1.95,1.93,1.93,500,1.93,LBIX
Fri Feb 12 2016 00:00:00 GMT+0800 (China Standard Time),1.93,1.93,1.93,1.93,0,1.93,LBIX
Tue Feb 16 2016 00:00:00 GMT+0800 (China Standard Time),1.93,1.93,1.93,1.93,0,1.93,LBIX
Wed Feb 17 2016 00:00:00 GMT+0800 (China Standard Time),1.98,1.98,1.95,1.95,1600,1.95,LBIX
Thu Feb 18 2016 00:00:00 GMT+0800 (China Standard Time),2,2,1.73,1.98,1000,1.98,LBIX
Fri Feb 19 2016 00:00:00 GMT+0800 (China Standard Time),2,2.15,2,2.15,500,2.15,LBIX
Mon Feb 22 2016 00:00:00 GMT+0800 (China Standard Time),2.24,2.4,2.24,2.25,800,2.25,LBIX
Tue Feb 23 2016 00:00:00 GMT+0800 (China Standard Time),2.48,2.64,2.3,2.32,7300,2.32,LBIX
Wed Feb 24 2016 00:00:00 GMT+0800 (China Standard Time),2.01,2.22,2.01,2.22,300,2.22,LBIX
Thu Feb 25 2016 00:00:00 GMT+0800 (China Standard Time),2.22,2.22,2.22,2.22,0,2.22,LBIX
Fri Feb 26 2016 00:00:00 GMT+0800 (China Standard Time),2.18,2.31,2.17,2.2,2000,2.2,LBIX
Mon Feb 29 2016 00:00:00 GMT+0800 (China Standard Time),2.2,2.2,2.2,2.2,0,2.2,LBIX
Tue Mar 01 2016 00:00:00 GMT+0800 (China Standard Time),2.2,2.2,2.2,2.2,0,2.2,LBIX
Wed Mar 02 2016 00:00:00 GMT+0800 (China Standard Time),1.83,2.09,1.8,2.09,2100,2.09,LBIX
Thu Mar 03 2016 00:00:00 GMT+0800 (China Standard Time),2.09,2.09,2.09,2.09,0,2.09,LBIX
Fri Mar 04 2016 00:00:00 GMT+0800 (China Standard Time),2.09,2.09,2.09,2.09,0,2.09,LBIX
Mon Mar 07 2016 00:00:00 GMT+0800 (China Standard Time),1.98,1.98,1.98,1.98,1100,1.98,LBIX
Tue Mar 08 2016 00:00:00 GMT+0800 (China Standard Time),1.98,1.98,1.98,1.98,0,1.98,LBIX
Wed Mar 09 2016 00:00:00 GMT+0800 (China Standard Time),1.97,1.97,1.97,1.97,300,1.97,LBIX
Thu Mar 10 2016 00:00:00 GMT+0800 (China Standard Time),1.97,1.97,1.97,1.97,0,1.97,LBIX
Fri Mar 11 2016 00:00:00 GMT+0800 (China Standard Time),1.97,1.97,1.97,1.97,0,1.97,LBIX
Mon Mar 14 2016 00:00:00 GMT+0800 (China Standard Time),1.97,1.97,1.97,1.97,0,1.97,LBIX
Tue Mar 15 2016 00:00:00 GMT+0800 (China Standard Time),1.97,1.97,1.97,1.97,500,1.97,LBIX
Wed Mar 16 2016 00:00:00 GMT+0800 (China Standard Time),1.82,2,1.82,2,900,2,LBIX
Thu Mar 17 2016 00:00:00 GMT+0800 (China Standard Time),2.45,2.45,2.29,2.29,500,2.29,LBIX
Fri Mar 18 2016 00:00:00 GMT+0800 (China Standard Time),2.26,2.35,2.26,2.35,800,2.35,LBIX
Mon Mar 21 2016 00:00:00 GMT+0800 (China Standard Time),2.12,2.21,2.12,2.21,400,2.21,LBIX
Tue Mar 22 2016 00:00:00 GMT+0800 (China Standard Time),1.96,2.21,1.96,2.02,1700,2.02,LBIX
Wed Mar 23 2016 00:00:00 GMT+0800 (China Standard Time),2.21,2.21,2.21,2.21,1300,2.21,LBIX
Thu Mar 24 2016 00:00:00 GMT+0800 (China Standard Time),2.21,2.21,2.21,2.21,0,2.21,LBIX
Mon Mar 28 2016 00:00:00 GMT+0800 (China Standard Time),2.38,2.38,2.38,2.38,1100,2.38,LBIX
Tue Mar 29 2016 00:00:00 GMT+0800 (China Standard Time),2.34,2.43,2.05,2.05,5300,2.05,LBIX
Wed Mar 30 2016 00:00:00 GMT+0800 (China Standard Time),2.15,2.15,1.99,1.99,500,1.99,LBIX
Thu Mar 31 2016 00:00:00 GMT+0800 (China Standard Time),2.52,2.56,2.3,2.3,1100,2.3,LBIX
Fri Apr 01 2016 00:00:00 GMT+0800 (China Standard Time),2.21,2.21,2.21,2.21,600,2.21,LBIX
Mon Apr 04 2016 00:00:00 GMT+0800 (China Standard Time),2.27,2.27,2.25,2.25,2000,2.25,LBIX
Tue Apr 05 2016 00:00:00 GMT+0800 (China Standard Time),2.15,2.45,2.15,2.2,50000,2.2,LBIX
Wed Apr 06 2016 00:00:00 GMT+0800 (China Standard Time),2.2,2.43,2.16,2.29,27900,2.29,LBIX
Thu Apr 07 2016 00:00:00 GMT+0800 (China Standard Time),2.54,2.54,2.18,2.5,30800,2.5,LBIX
Fri Apr 08 2016 00:00:00 GMT+0800 (China Standard Time),2.46,2.65,2.44,2.65,1900,2.65,LBIX
Mon Apr 11 2016 00:00:00 GMT+0800 (China Standard Time),2.65,2.65,2.25,2.4,5700,2.4,LBIX
Tue Apr 12 2016 00:00:00 GMT+0800 (China Standard Time),2.28,2.64,2.28,2.41,37600,2.41,LBIX
Wed Apr 13 2016 00:00:00 GMT+0800 (China Standard Time),2.47,2.65,2.36,2.65,1100,2.65,LBIX
Thu Apr 14 2016 00:00:00 GMT+0800 (China Standard Time),2.5,2.5,2.33,2.44,7000,2.44,LBIX
Fri Apr 15 2016 00:00:00 GMT+0800 (China Standard Time),2.65,2.65,2.25,2.49,9000,2.49,LBIX
Mon Apr 18 2016 00:00:00 GMT+0800 (China Standard Time),2.5,2.54,2.32,2.37,11700,2.37,LBIX
Tue Apr 19 2016 00:00:00 GMT+0800 (China Standard Time),2.46,2.46,2.35,2.45,2500,2.45,LBIX
Wed Apr 20 2016 00:00:00 GMT+0800 (China Standard Time),2.42,2.42,2.42,2.42,1400,2.42,LBIX
Thu Apr 21 2016 00:00:00 GMT+0800 (China Standard Time),2.55,2.62,2.5,2.62,700,2.62,LBIX
Fri Apr 22 2016 00:00:00 GMT+0800 (China Standard Time),2.54,2.54,2.33,2.5,2300,2.5,LBIX
Mon Apr 25 2016 00:00:00 GMT+0800 (China Standard Time),2.5,2.5,2.5,2.5,700,2.5,LBIX
Tue Apr 26 2016 00:00:00 GMT+0800 (China Standard Time),2.32,2.32,2.32,2.32,500,2.32,LBIX
Wed Apr 27 2016 00:00:00 GMT+0800 (China Standard Time),2.32,2.32,2.32,2.32,0,2.32,LBIX
Thu Apr 28 2016 00:00:00 GMT+0800 (China Standard Time),2.32,2.32,2.32,2.32,0,2.32,LBIX
Fri Apr 29 2016 00:00:00 GMT+0800 (China Standard Time),2.44,2.44,2.02,2.08,10200,2.08,LBIX
Mon May 02 2016 00:00:00 GMT+0800 (China Standard Time),2.09,2.18,2.09,2.18,1000,2.18,LBIX
Tue May 03 2016 00:00:00 GMT+0800 (China Standard Time),2.18,2.18,2.18,2.18,0,2.18,LBIX
Wed May 04 2016 00:00:00 GMT+0800 (China Standard Time),2.17,2.28,2.05,2.05,7800,2.05,LBIX
Thu May 05 2016 00:00:00 GMT+0800 (China Standard Time),2.25,2.25,2.02,2.03,1100,2.03,LBIX
Fri May 06 2016 00:00:00 GMT+0800 (China Standard Time),2.03,2.03,2.03,2.03,0,2.03,LBIX
Mon May 09 2016 00:00:00 GMT+0800 (China Standard Time),2.3,2.3,2.3,2.3,400,2.3,LBIX
Tue May 10 2016 00:00:00 GMT+0800 (China Standard Time),2.31,2.31,2.31,2.31,200,2.31,LBIX
Wed May 11 2016 00:00:00 GMT+0800 (China Standard Time),2.31,2.31,1.96,1.98,7400,1.98,LBIX
Thu May 12 2016 00:00:00 GMT+0800 (China Standard Time),2.1,2.13,2.08,2.08,500,2.08,LBIX
Fri May 13 2016 00:00:00 GMT+0800 (China Standard Time),2.08,2.08,2.08,2.08,0,2.08,LBIX
Mon May 16 2016 00:00:00 GMT+0800 (China Standard Time),2.14,2.14,1.98,1.98,800,1.98,LBIX
Tue May 17 2016 00:00:00 GMT+0800 (China Standard Time),1.99,2,1.98,1.99,1600,1.99,LBIX
Wed May 18 2016 00:00:00 GMT+0800 (China Standard Time),1.96,1.96,1.96,1.96,200,1.96,LBIX
Thu May 19 2016 00:00:00 GMT+0800 (China Standard Time),1.85,1.93,1.85,1.86,2700,1.86,LBIX
Fri May 20 2016 00:00:00 GMT+0800 (China Standard Time),1.82,1.82,1.73,1.73,8300,1.73,LBIX
Mon May 23 2016 00:00:00 GMT+0800 (China Standard Time),1.73,1.73,1.73,1.73,0,1.73,LBIX
Tue May 24 2016 00:00:00 GMT+0800 (China Standard Time),1.73,1.73,1.73,1.73,0,1.73,LBIX
Wed May 25 2016 00:00:00 GMT+0800 (China Standard Time),1.7,1.7,1.42,1.52,8000,1.52,LBIX
Thu May 26 2016 00:00:00 GMT+0800 (China Standard Time),1.52,1.62,1.33,1.55,30100,1.55,LBIX
Fri May 27 2016 00:00:00 GMT+0800 (China Standard Time),1.31,1.85,1.31,1.49,6300,1.49,LBIX
Tue May 31 2016 00:00:00 GMT+0800 (China Standard Time),1.51,1.59,1.51,1.58,6500,1.58,LBIX
Wed Jun 01 2016 00:00:00 GMT+0800 (China Standard Time),1.58,1.58,1.58,1.58,0,1.58,LBIX
Thu Jun 02 2016 00:00:00 GMT+0800 (China Standard Time),1.6,1.61,1.52,1.58,4700,1.58,LBIX
Fri Jun 03 2016 00:00:00 GMT+0800 (China Standard Time),1.52,1.54,1.52,1.53,10400,1.53,LBIX
Mon Jun 06 2016 00:00:00 GMT+0800 (China Standard Time),1.71,1.75,1.4,1.68,8300,1.68,LBIX
Tue Jun 07 2016 00:00:00 GMT+0800 (China Standard Time),1.45,1.61,1.38,1.55,4400,1.55,LBIX
Wed Jun 08 2016 00:00:00 GMT+0800 (China Standard Time),1.55,1.75,1.52,1.75,4600,1.75,LBIX
Thu Jun 09 2016 00:00:00 GMT+0800 (China Standard Time),1.58,1.65,1.51,1.51,2100,1.51,LBIX
Fri Jun 10 2016 00:00:00 GMT+0800 (China Standard Time),1.5,1.5,1.45,1.5,1900,1.5,LBIX
Mon Jun 13 2016 00:00:00 GMT+0800 (China Standard Time),1.5,1.5,1.48,1.5,500,1.5,LBIX
Tue Jun 14 2016 00:00:00 GMT+0800 (China Standard Time),1.93,3.34,1.9,2.53,6893300,2.53,LBIX
Wed Jun 15 2016 00:00:00 GMT+0800 (China Standard Time),2.38,2.52,2.03,2.16,1163400,2.16,LBIX
Thu Jun 16 2016 00:00:00 GMT+0800 (China Standard Time),2.15,2.3,2.05,2.22,185000,2.22,LBIX
Fri Jun 17 2016 00:00:00 GMT+0800 (China Standard Time),2.2,2.22,1.87,1.95,141500,1.95,LBIX
Mon Jun 20 2016 00:00:00 GMT+0800 (China Standard Time),1.98,2.03,1.84,1.92,33500,1.92,LBIX
Tue Jun 21 2016 00:00:00 GMT+0800 (China Standard Time),1.9,1.9,1.72,1.82,64900,1.82,LBIX
Wed Jun 22 2016 00:00:00 GMT+0800 (China Standard Time),1.72,1.8,1.68,1.7,50800,1.7,LBIX
Thu Jun 23 2016 00:00:00 GMT+0800 (China Standard Time),1.65,1.7,1.55,1.58,132300,1.58,LBIX
Fri Jun 24 2016 00:00:00 GMT+0800 (China Standard Time),1.71,1.71,1.61,1.66,41600,1.66,LBIX
Mon Jun 27 2016 00:00:00 GMT+0800 (China Standard Time),1.66,1.66,1.57,1.62,10300,1.62,LBIX
Tue Jun 28 2016 00:00:00 GMT+0800 (China Standard Time),1.61,1.77,1.52,1.54,33800,1.54,LBIX
Wed Jun 29 2016 00:00:00 GMT+0800 (China Standard Time),1.58,1.73,1.56,1.69,56700,1.69,LBIX
Thu Jun 30 2016 00:00:00 GMT+0800 (China Standard Time),1.72,1.76,1.67,1.72,44800,1.72,LBIX
Fri Jul 01 2016 00:00:00 GMT+0800 (China Standard Time),1.71,1.78,1.68,1.69,18500,1.69,LBIX
Tue Jul 05 2016 00:00:00 GMT+0800 (China Standard Time),1.8,2.45,1.78,2.02,2058400,2.02,LBIX
Wed Jul 06 2016 00:00:00 GMT+0800 (China Standard Time),2.02,2.2,1.93,2.1,456300,2.1,LBIX
Thu Jul 07 2016 00:00:00 GMT+0800 (China Standard Time),2.08,2.14,2,2.05,74200,2.05,LBIX
Fri Jul 08 2016 00:00:00 GMT+0800 (China Standard Time),2.03,2.09,1.9,2.04,70800,2.04,LBIX
Mon Jul 11 2016 00:00:00 GMT+0800 (China Standard Time),2.02,2.02,1.9,1.91,82200,1.91,LBIX
Tue Jul 12 2016 00:00:00 GMT+0800 (China Standard Time),1.91,1.99,1.76,1.8,24800,1.8,LBIX
Wed Jul 13 2016 00:00:00 GMT+0800 (China Standard Time),1.81,2,1.74,1.85,26000,1.85,LBIX
Thu Jul 14 2016 00:00:00 GMT+0800 (China Standard Time),1.88,2.08,1.75,1.98,92300,1.98,LBIX
Fri Jul 15 2016 00:00:00 GMT+0800 (China Standard Time),1.91,2.03,1.9,1.96,24900,1.96,LBIX
Mon Jul 18 2016 00:00:00 GMT+0800 (China Standard Time),2,2,1.83,1.91,15200,1.91,LBIX
Tue Jul 19 2016 00:00:00 GMT+0800 (China Standard Time),1.98,1.98,1.88,1.91,5700,1.91,LBIX
Wed Jul 20 2016 00:00:00 GMT+0800 (China Standard Time),1.96,1.97,1.87,1.96,11700,1.96,LBIX
Thu Jul 21 2016 00:00:00 GMT+0800 (China Standard Time),1.91,2.1,1.9,1.96,55700,1.96,LBIX
Fri Jul 22 2016 00:00:00 GMT+0800 (China Standard Time),1.95,2,1.95,1.98,8000,1.98,LBIX
Mon Jul 25 2016 00:00:00 GMT+0800 (China Standard Time),1.99,2.39,1.99,2.1,215900,2.1,LBIX
Tue Jul 26 2016 00:00:00 GMT+0800 (China Standard Time),2.11,2.11,1.93,1.98,37000,1.98,LBIX
Wed Jul 27 2016 00:00:00 GMT+0800 (China Standard Time),2.04,2.04,1.91,1.95,13300,1.95,LBIX
Thu Jul 28 2016 00:00:00 GMT+0800 (China Standard Time),1.93,1.99,1.93,1.94,11100,1.94,LBIX
Fri Jul 29 2016 00:00:00 GMT+0800 (China Standard Time),1.92,2.08,1.92,2.08,19900,2.08,LBIX
Mon Aug 01 2016 00:00:00 GMT+0800 (China Standard Time),2.06,2.06,1.95,1.96,6000,1.96,LBIX
Tue Aug 02 2016 00:00:00 GMT+0800 (China Standard Time),2.03,2.03,1.91,1.95,12500,1.95,LBIX
Wed Aug 03 2016 00:00:00 GMT+0800 (China Standard Time),2.01,2.03,1.92,2,25700,2,LBIX
Thu Aug 04 2016 00:00:00 GMT+0800 (China Standard Time),2.03,2.03,1.96,2,1900,2,LBIX
Fri Aug 05 2016 00:00:00 GMT+0800 (China Standard Time),2.04,2.04,1.86,1.95,18700,1.95,LBIX
Mon Aug 08 2016 00:00:00 GMT+0800 (China Standard Time),2.06,2.12,1.97,2.05,53900,2.05,LBIX
Tue Aug 09 2016 00:00:00 GMT+0800 (China Standard Time),2.11,2.12,2.04,2.09,9000,2.09,LBIX
Wed Aug 10 2016 00:00:00 GMT+0800 (China Standard Time),2.16,2.16,1.99,2.11,16300,2.11,LBIX
Thu Aug 11 2016 00:00:00 GMT+0800 (China Standard Time),2.03,2.19,2.02,2.14,8000,2.14,LBIX
Fri Aug 12 2016 00:00:00 GMT+0800 (China Standard Time),2.12,2.74,2.12,2.69,442600,2.69,LBIX
Mon Aug 15 2016 00:00:00 GMT+0800 (China Standard Time),2.6,2.67,2.23,2.52,65800,2.52,LBIX
Tue Aug 16 2016 00:00:00 GMT+0800 (China Standard Time),2.48,2.5,2.3,2.48,11200,2.48,LBIX
Wed Aug 17 2016 00:00:00 GMT+0800 (China Standard Time),2.35,2.46,2.32,2.38,14900,2.38,LBIX
Thu Aug 18 2016 00:00:00 GMT+0800 (China Standard Time),2.31,2.37,2.28,2.3,3700,2.3,LBIX
Fri Aug 19 2016 00:00:00 GMT+0800 (China Standard Time),2.37,2.43,2.34,2.39,3300,2.39,LBIX
Mon Aug 22 2016 00:00:00 GMT+0800 (China Standard Time),2.38,2.49,2.38,2.44,5600,2.44,LBIX
Tue Aug 23 2016 00:00:00 GMT+0800 (China Standard Time),2.37,2.37,2.32,2.37,16100,2.37,LBIX
Wed Aug 24 2016 00:00:00 GMT+0800 (China Standard Time),2.42,2.42,2.24,2.24,15900,2.24,LBIX
Thu Aug 25 2016 00:00:00 GMT+0800 (China Standard Time),2.35,2.35,2.25,2.29,6600,2.29,LBIX
Fri Aug 26 2016 00:00:00 GMT+0800 (China Standard Time),2.28,2.28,2.18,2.19,14900,2.19,LBIX
Mon Aug 29 2016 00:00:00 GMT+0800 (China Standard Time),2.12,2.32,2.12,2.27,4900,2.27,LBIX
Tue Aug 30 2016 00:00:00 GMT+0800 (China Standard Time),2.25,2.25,2.22,2.22,1500,2.22,LBIX
Wed Aug 31 2016 00:00:00 GMT+0800 (China Standard Time),2.25,2.28,2.24,2.24,2000,2.24,LBIX
Thu Sep 01 2016 00:00:00 GMT+0800 (China Standard Time),2.16,2.22,2.16,2.22,4100,2.22,LBIX
Fri Sep 02 2016 00:00:00 GMT+0800 (China Standard Time),2.16,2.22,2.16,2.22,400,2.22,LBIX
Tue Sep 06 2016 00:00:00 GMT+0800 (China Standard Time),2.03,2.23,2,2.11,20900,2.11,LBIX
Wed Sep 07 2016 00:00:00 GMT+0800 (China Standard Time),2.1,2.13,2.1,2.12,1800,2.12,LBIX
Thu Sep 08 2016 00:00:00 GMT+0800 (China Standard Time),2.21,2.22,2.02,2.1,16700,2.1,LBIX
Fri Sep 09 2016 00:00:00 GMT+0800 (China Standard Time),2.08,2.2,2.08,2.14,5300,2.14,LBIX
Mon Sep 12 2016 00:00:00 GMT+0800 (China Standard Time),2.12,2.15,2.1,2.14,3300,2.14,LBIX
Tue Sep 13 2016 00:00:00 GMT+0800 (China Standard Time),2.17,2.21,2.17,2.18,4400,2.18,LBIX
Wed Sep 14 2016 00:00:00 GMT+0800 (China Standard Time),2.12,2.2,1.95,2.18,110100,2.18,LBIX
Thu Sep 15 2016 00:00:00 GMT+0800 (China Standard Time),2.16,2.19,2.08,2.14,6800,2.14,LBIX
Fri Sep 16 2016 00:00:00 GMT+0800 (China Standard Time),2.08,2.19,2.08,2.15,17200,2.15,LBIX
Mon Sep 19 2016 00:00:00 GMT+0800 (China Standard Time),2.08,2.13,2.08,2.13,2000,2.13,LBIX
Tue Sep 20 2016 00:00:00 GMT+0800 (China Standard Time),2.11,2.43,2.1,2.27,145000,2.27,LBIX
Wed Sep 21 2016 00:00:00 GMT+0800 (China Standard Time),2.25,2.29,2.21,2.28,5000,2.28,LBIX
Thu Sep 22 2016 00:00:00 GMT+0800 (China Standard Time),2.16,2.16,1.81,1.99,185600,1.99,LBIX
Fri Sep 23 2016 00:00:00 GMT+0800 (China Standard Time),1.99,2.07,1.9,1.91,30700,1.91,LBIX
Mon Sep 26 2016 00:00:00 GMT+0800 (China Standard Time),1.9,1.96,1.8,1.82,40200,1.82,LBIX
Tue Sep 27 2016 00:00:00 GMT+0800 (China Standard Time),1.8,1.89,1.8,1.83,31400,1.83,LBIX
Wed Sep 28 2016 00:00:00 GMT+0800 (China Standard Time),1.87,1.96,1.73,1.85,84000,1.85,LBIX
Thu Sep 29 2016 00:00:00 GMT+0800 (China Standard Time),1.85,1.85,1.81,1.83,4000,1.83,LBIX
Fri Sep 30 2016 00:00:00 GMT+0800 (China Standard Time),1.86,1.98,1.74,1.83,48200,1.83,LBIX
Mon Oct 03 2016 00:00:00 GMT+0800 (China Standard Time),1.75,1.78,1.7,1.71,9500,1.71,LBIX
Tue Oct 04 2016 00:00:00 GMT+0800 (China Standard Time),1.74,1.74,1.61,1.64,21900,1.64,LBIX
Wed Oct 05 2016 00:00:00 GMT+0800 (China Standard Time),1.63,1.63,1.6,1.61,7800,1.61,LBIX
Thu Oct 06 2016 00:00:00 GMT+0800 (China Standard Time),1.6,1.61,1.56,1.56,4100,1.56,LBIX
Fri Oct 07 2016 00:00:00 GMT+0800 (China Standard Time),1.55,1.61,1.53,1.58,11300,1.58,LBIX
Mon Oct 10 2016 00:00:00 GMT+0800 (China Standard Time),1.62,1.72,1.52,1.64,73500,1.64,LBIX
Tue Oct 11 2016 00:00:00 GMT+0800 (China Standard Time),1.69,1.69,1.54,1.67,40000,1.67,LBIX
Wed Oct 12 2016 00:00:00 GMT+0800 (China Standard Time),1.6,1.71,1.59,1.63,71100,1.63,LBIX
Thu Oct 13 2016 00:00:00 GMT+0800 (China Standard Time),1.63,1.73,1.62,1.72,49900,1.72,LBIX
Fri Oct 14 2016 00:00:00 GMT+0800 (China Standard Time),1.71,1.71,1.66,1.71,3400,1.71,LBIX
Mon Oct 17 2016 00:00:00 GMT+0800 (China Standard Time),1.63,1.75,1.63,1.65,19200,1.65,LBIX
Tue Oct 18 2016 00:00:00 GMT+0800 (China Standard Time),1.71,1.75,1.61,1.75,95500,1.75,LBIX
Wed Oct 19 2016 00:00:00 GMT+0800 (China Standard Time),1.74,1.81,1.74,1.75,1300,1.75,LBIX
Thu Oct 20 2016 00:00:00 GMT+0800 (China Standard Time),1.83,1.85,1.7,1.76,63800,1.76,LBIX
Fri Oct 21 2016 00:00:00 GMT+0800 (China Standard Time),1.77,1.81,1.68,1.81,31100,1.81,LBIX
Mon Oct 24 2016 00:00:00 GMT+0800 (China Standard Time),1.76,1.77,1.62,1.65,18500,1.65,LBIX
Tue Oct 25 2016 00:00:00 GMT+0800 (China Standard Time),1.7,1.7,1.58,1.58,3700,1.58,LBIX
Wed Oct 26 2016 00:00:00 GMT+0800 (China Standard Time),1.6,1.6,1.45,1.53,46400,1.53,LBIX
Thu Oct 27 2016 00:00:00 GMT+0800 (China Standard Time),1.49,1.53,1.48,1.53,16100,1.53,LBIX
Fri Oct 28 2016 00:00:00 GMT+0800 (China Standard Time),1.52,1.54,1.46,1.53,42700,1.53,LBIX
Mon Oct 31 2016 00:00:00 GMT+0800 (China Standard Time),1.46,1.73,1.43,1.58,96900,1.58,LBIX
Tue Nov 01 2016 00:00:00 GMT+0800 (China Standard Time),1.62,1.66,1.55,1.64,12200,1.64,LBIX
Wed Nov 02 2016 00:00:00 GMT+0800 (China Standard Time),1.63,1.65,1.43,1.65,54200,1.65,LBIX
Thu Nov 03 2016 00:00:00 GMT+0800 (China Standard Time),1.67,1.78,1.46,1.68,85100,1.68,LBIX
Fri Nov 04 2016 00:00:00 GMT+0800 (China Standard Time),1.68,1.7,1.55,1.57,15700,1.57,LBIX
Mon Nov 07 2016 00:00:00 GMT+0800 (China Standard Time),1.6,1.6,1.5,1.6,28700,1.6,LBIX
Tue Nov 08 2016 00:00:00 GMT+0800 (China Standard Time),1.6,1.7,1.55,1.6,72600,1.6,LBIX
Wed Nov 09 2016 00:00:00 GMT+0800 (China Standard Time),1.6,1.6,1.5,1.5,40000,1.5,LBIX
Thu Nov 10 2016 00:00:00 GMT+0800 (China Standard Time),1.53,1.61,1.5,1.54,16100,1.54,LBIX
Fri Nov 11 2016 00:00:00 GMT+0800 (China Standard Time),1.5,1.61,1.38,1.54,20500,1.54,LBIX
