Thu Jan 02 2014 00:00:00 GMT+0800 (China Standard Time),1.81,1.89,1.8,1.85,193300,1.85,USAT
Fri Jan 03 2014 00:00:00 GMT+0800 (China Standard Time),1.83,1.88,1.83,1.85,130700,1.85,USAT
Mon Jan 06 2014 00:00:00 GMT+0800 (China Standard Time),1.88,2.09,1.87,2.08,1780600,2.08,USAT
Tue Jan 07 2014 00:00:00 GMT+0800 (China Standard Time),2.2,2.37,2.12,2.25,3348800,2.25,USAT
Wed Jan 08 2014 00:00:00 GMT+0800 (China Standard Time),2.35,2.37,2.14,2.26,867800,2.26,USAT
Thu Jan 09 2014 00:00:00 GMT+0800 (China Standard Time),2.4,2.48,2.27,2.36,1196500,2.36,USAT
Fri Jan 10 2014 00:00:00 GMT+0800 (China Standard Time),2.4,2.4,2.12,2.14,853800,2.14,USAT
Mon Jan 13 2014 00:00:00 GMT+0800 (China Standard Time),2.14,2.2,2,2.02,771200,2.02,USAT
Tue Jan 14 2014 00:00:00 GMT+0800 (China Standard Time),2.01,2.18,2.01,2.11,492100,2.11,USAT
Wed Jan 15 2014 00:00:00 GMT+0800 (China Standard Time),2.12,2.26,2.11,2.24,780300,2.24,USAT
Thu Jan 16 2014 00:00:00 GMT+0800 (China Standard Time),2.26,2.26,2.15,2.22,639800,2.22,USAT
Fri Jan 17 2014 00:00:00 GMT+0800 (China Standard Time),2.23,2.25,2.15,2.17,215000,2.17,USAT
Tue Jan 21 2014 00:00:00 GMT+0800 (China Standard Time),2.2,2.2,2.12,2.14,219700,2.14,USAT
Wed Jan 22 2014 00:00:00 GMT+0800 (China Standard Time),2.17,2.24,2.12,2.23,401400,2.23,USAT
Thu Jan 23 2014 00:00:00 GMT+0800 (China Standard Time),2.25,2.25,2.15,2.23,485400,2.23,USAT
Fri Jan 24 2014 00:00:00 GMT+0800 (China Standard Time),2.19,2.21,2.05,2.06,399700,2.06,USAT
Mon Jan 27 2014 00:00:00 GMT+0800 (China Standard Time),2.05,2.09,1.96,2.03,308100,2.03,USAT
Tue Jan 28 2014 00:00:00 GMT+0800 (China Standard Time),1.98,2.2,1.98,2.12,258300,2.12,USAT
Wed Jan 29 2014 00:00:00 GMT+0800 (China Standard Time),2.08,2.14,2.06,2.1,169100,2.1,USAT
Thu Jan 30 2014 00:00:00 GMT+0800 (China Standard Time),2.15,2.18,2.12,2.15,207100,2.15,USAT
Fri Jan 31 2014 00:00:00 GMT+0800 (China Standard Time),2.14,2.19,2.14,2.18,175000,2.18,USAT
Mon Feb 03 2014 00:00:00 GMT+0800 (China Standard Time),2.19,2.22,2.09,2.19,313700,2.19,USAT
Tue Feb 04 2014 00:00:00 GMT+0800 (China Standard Time),2.18,2.19,2.07,2.19,145000,2.19,USAT
Wed Feb 05 2014 00:00:00 GMT+0800 (China Standard Time),2.15,2.18,2.05,2.06,233100,2.06,USAT
Thu Feb 06 2014 00:00:00 GMT+0800 (China Standard Time),2.08,2.14,1.96,1.98,348900,1.98,USAT
Fri Feb 07 2014 00:00:00 GMT+0800 (China Standard Time),2,2.15,1.99,2.04,235300,2.04,USAT
Mon Feb 10 2014 00:00:00 GMT+0800 (China Standard Time),2.05,2.07,2,2.03,118500,2.03,USAT
Tue Feb 11 2014 00:00:00 GMT+0800 (China Standard Time),2.04,2.09,2,2.02,151800,2.02,USAT
Wed Feb 12 2014 00:00:00 GMT+0800 (China Standard Time),2.02,2.08,2.02,2.04,37500,2.04,USAT
Thu Feb 13 2014 00:00:00 GMT+0800 (China Standard Time),2.01,2.07,2.01,2.04,64500,2.04,USAT
Fri Feb 14 2014 00:00:00 GMT+0800 (China Standard Time),2.05,2.09,2.01,2.03,186000,2.03,USAT
Tue Feb 18 2014 00:00:00 GMT+0800 (China Standard Time),2.01,2.08,2,2.07,146300,2.07,USAT
Wed Feb 19 2014 00:00:00 GMT+0800 (China Standard Time),2.08,2.16,2.05,2.11,188600,2.11,USAT
Thu Feb 20 2014 00:00:00 GMT+0800 (China Standard Time),2.09,2.15,2.09,2.15,60100,2.15,USAT
Fri Feb 21 2014 00:00:00 GMT+0800 (China Standard Time),2.14,2.19,2.11,2.17,141100,2.17,USAT
Mon Feb 24 2014 00:00:00 GMT+0800 (China Standard Time),2.19,2.19,2.14,2.18,168100,2.18,USAT
Tue Feb 25 2014 00:00:00 GMT+0800 (China Standard Time),2.17,2.23,2.13,2.19,199600,2.19,USAT
Wed Feb 26 2014 00:00:00 GMT+0800 (China Standard Time),2.21,2.22,2.15,2.18,72200,2.18,USAT
Thu Feb 27 2014 00:00:00 GMT+0800 (China Standard Time),2.15,2.2,2.09,2.12,186700,2.12,USAT
Fri Feb 28 2014 00:00:00 GMT+0800 (China Standard Time),2.11,2.16,2.1,2.1,75300,2.1,USAT
Mon Mar 03 2014 00:00:00 GMT+0800 (China Standard Time),2.07,2.09,1.97,2.07,151200,2.07,USAT
Tue Mar 04 2014 00:00:00 GMT+0800 (China Standard Time),2.1,2.14,2.09,2.12,68900,2.12,USAT
Wed Mar 05 2014 00:00:00 GMT+0800 (China Standard Time),2.08,2.13,2.08,2.12,39000,2.12,USAT
Thu Mar 06 2014 00:00:00 GMT+0800 (China Standard Time),2.1,2.11,2.03,2.04,239300,2.04,USAT
Fri Mar 07 2014 00:00:00 GMT+0800 (China Standard Time),2.03,2.1,2.03,2.04,79600,2.04,USAT
Mon Mar 10 2014 00:00:00 GMT+0800 (China Standard Time),2.05,2.09,2.04,2.07,92500,2.07,USAT
Tue Mar 11 2014 00:00:00 GMT+0800 (China Standard Time),2.09,2.09,2.04,2.08,62500,2.08,USAT
Wed Mar 12 2014 00:00:00 GMT+0800 (China Standard Time),2.05,2.09,2.03,2.08,49900,2.08,USAT
Thu Mar 13 2014 00:00:00 GMT+0800 (China Standard Time),2.07,2.08,2.02,2.05,127500,2.05,USAT
Fri Mar 14 2014 00:00:00 GMT+0800 (China Standard Time),2.05,2.06,2.01,2.02,200600,2.02,USAT
Mon Mar 17 2014 00:00:00 GMT+0800 (China Standard Time),2.02,2.05,2.01,2.01,94900,2.01,USAT
Tue Mar 18 2014 00:00:00 GMT+0800 (China Standard Time),2.01,2.05,2.01,2.05,60800,2.05,USAT
Wed Mar 19 2014 00:00:00 GMT+0800 (China Standard Time),2.05,2.12,2.03,2.08,177200,2.08,USAT
Thu Mar 20 2014 00:00:00 GMT+0800 (China Standard Time),2.06,2.11,2.06,2.1,120300,2.1,USAT
Fri Mar 21 2014 00:00:00 GMT+0800 (China Standard Time),2.1,2.13,2.05,2.07,76600,2.07,USAT
Mon Mar 24 2014 00:00:00 GMT+0800 (China Standard Time),2.09,2.1,2.02,2.04,42300,2.04,USAT
Tue Mar 25 2014 00:00:00 GMT+0800 (China Standard Time),2.03,2.08,2.02,2.02,24700,2.02,USAT
Wed Mar 26 2014 00:00:00 GMT+0800 (China Standard Time),2.02,2.05,2.01,2.01,44200,2.01,USAT
Thu Mar 27 2014 00:00:00 GMT+0800 (China Standard Time),2.02,2.02,1.97,1.99,119500,1.99,USAT
Fri Mar 28 2014 00:00:00 GMT+0800 (China Standard Time),2.01,2.09,1.99,2.01,71900,2.01,USAT
Mon Mar 31 2014 00:00:00 GMT+0800 (China Standard Time),2.01,2.1,2.01,2.07,83600,2.07,USAT
Tue Apr 01 2014 00:00:00 GMT+0800 (China Standard Time),2.02,2.09,2.02,2.04,41600,2.04,USAT
Wed Apr 02 2014 00:00:00 GMT+0800 (China Standard Time),2.04,2.07,2,2.03,132700,2.03,USAT
Thu Apr 03 2014 00:00:00 GMT+0800 (China Standard Time),2.04,2.07,2.01,2.02,36300,2.02,USAT
Fri Apr 04 2014 00:00:00 GMT+0800 (China Standard Time),2.14,2.18,2.08,2.12,433800,2.12,USAT
Mon Apr 07 2014 00:00:00 GMT+0800 (China Standard Time),2.13,2.15,2.02,2.04,248000,2.04,USAT
Tue Apr 08 2014 00:00:00 GMT+0800 (China Standard Time),2.05,2.09,2.03,2.09,51600,2.09,USAT
Wed Apr 09 2014 00:00:00 GMT+0800 (China Standard Time),2.07,2.12,2.06,2.07,41800,2.07,USAT
Thu Apr 10 2014 00:00:00 GMT+0800 (China Standard Time),2.07,2.1,2.04,2.05,76000,2.05,USAT
Fri Apr 11 2014 00:00:00 GMT+0800 (China Standard Time),2.02,2.13,2,2.1,125500,2.1,USAT
Mon Apr 14 2014 00:00:00 GMT+0800 (China Standard Time),2.12,2.15,2.03,2.03,91500,2.03,USAT
Tue Apr 15 2014 00:00:00 GMT+0800 (China Standard Time),2.04,2.07,2.01,2.02,56100,2.02,USAT
Wed Apr 16 2014 00:00:00 GMT+0800 (China Standard Time),2.01,2.06,2,2.03,51400,2.03,USAT
Thu Apr 17 2014 00:00:00 GMT+0800 (China Standard Time),2.03,2.07,2.03,2.07,17800,2.07,USAT
Mon Apr 21 2014 00:00:00 GMT+0800 (China Standard Time),2.09,2.1,2.05,2.08,53300,2.08,USAT
Tue Apr 22 2014 00:00:00 GMT+0800 (China Standard Time),2.07,2.13,2.05,2.12,63600,2.12,USAT
Wed Apr 23 2014 00:00:00 GMT+0800 (China Standard Time),2.07,2.14,2.07,2.13,62500,2.13,USAT
Thu Apr 24 2014 00:00:00 GMT+0800 (China Standard Time),2.13,2.15,2.03,2.06,103500,2.06,USAT
Fri Apr 25 2014 00:00:00 GMT+0800 (China Standard Time),2.05,2.1,2.03,2.05,43300,2.05,USAT
Mon Apr 28 2014 00:00:00 GMT+0800 (China Standard Time),2.04,2.1,2,2.01,76000,2.01,USAT
Tue Apr 29 2014 00:00:00 GMT+0800 (China Standard Time),2,2.07,2,2,58400,2,USAT
Wed Apr 30 2014 00:00:00 GMT+0800 (China Standard Time),2.01,2.04,2,2.02,16900,2.02,USAT
Thu May 01 2014 00:00:00 GMT+0800 (China Standard Time),2,2.04,1.99,1.99,50800,1.99,USAT
Fri May 02 2014 00:00:00 GMT+0800 (China Standard Time),2,2.03,1.93,1.93,106000,1.93,USAT
Mon May 05 2014 00:00:00 GMT+0800 (China Standard Time),1.92,2.01,1.91,2.01,106400,2.01,USAT
Tue May 06 2014 00:00:00 GMT+0800 (China Standard Time),2,2.05,1.96,2,95200,2,USAT
Wed May 07 2014 00:00:00 GMT+0800 (China Standard Time),2.01,2.04,1.94,1.96,46600,1.96,USAT
Thu May 08 2014 00:00:00 GMT+0800 (China Standard Time),1.94,2.02,1.9,1.9,150800,1.9,USAT
Fri May 09 2014 00:00:00 GMT+0800 (China Standard Time),1.9,2,1.9,1.94,59200,1.94,USAT
Mon May 12 2014 00:00:00 GMT+0800 (China Standard Time),1.95,1.99,1.93,1.95,68500,1.95,USAT
Tue May 13 2014 00:00:00 GMT+0800 (China Standard Time),2.05,2.05,1.96,1.98,147100,1.98,USAT
Wed May 14 2014 00:00:00 GMT+0800 (China Standard Time),1.94,1.99,1.92,1.93,110200,1.93,USAT
Thu May 15 2014 00:00:00 GMT+0800 (China Standard Time),1.91,1.94,1.9,1.9,124700,1.9,USAT
Fri May 16 2014 00:00:00 GMT+0800 (China Standard Time),1.9,1.92,1.9,1.9,35800,1.9,USAT
Mon May 19 2014 00:00:00 GMT+0800 (China Standard Time),1.9,1.94,1.76,1.8,131000,1.8,USAT
Tue May 20 2014 00:00:00 GMT+0800 (China Standard Time),1.8,1.87,1.76,1.78,150400,1.78,USAT
Wed May 21 2014 00:00:00 GMT+0800 (China Standard Time),1.78,1.82,1.73,1.75,163500,1.75,USAT
Thu May 22 2014 00:00:00 GMT+0800 (China Standard Time),1.75,1.79,1.74,1.75,92200,1.75,USAT
Fri May 23 2014 00:00:00 GMT+0800 (China Standard Time),1.76,1.84,1.76,1.81,108400,1.81,USAT
Tue May 27 2014 00:00:00 GMT+0800 (China Standard Time),1.82,1.85,1.78,1.8,206800,1.8,USAT
Wed May 28 2014 00:00:00 GMT+0800 (China Standard Time),1.82,1.88,1.79,1.79,592800,1.79,USAT
Thu May 29 2014 00:00:00 GMT+0800 (China Standard Time),1.8,2.13,1.8,2.01,1466900,2.01,USAT
Fri May 30 2014 00:00:00 GMT+0800 (China Standard Time),2.05,2.15,2,2.13,544200,2.13,USAT
Mon Jun 02 2014 00:00:00 GMT+0800 (China Standard Time),2.15,2.2,2.09,2.18,363000,2.18,USAT
Tue Jun 03 2014 00:00:00 GMT+0800 (China Standard Time),2.2,2.24,2.15,2.24,265800,2.24,USAT
Wed Jun 04 2014 00:00:00 GMT+0800 (China Standard Time),2.24,2.24,2.11,2.17,246500,2.17,USAT
Thu Jun 05 2014 00:00:00 GMT+0800 (China Standard Time),2.19,2.2,2.1,2.16,201900,2.16,USAT
Fri Jun 06 2014 00:00:00 GMT+0800 (China Standard Time),2.18,2.18,2.14,2.15,103300,2.15,USAT
Mon Jun 09 2014 00:00:00 GMT+0800 (China Standard Time),2.15,2.2,2.11,2.14,116400,2.14,USAT
Tue Jun 10 2014 00:00:00 GMT+0800 (China Standard Time),2.15,2.17,2.11,2.15,56300,2.15,USAT
Wed Jun 11 2014 00:00:00 GMT+0800 (China Standard Time),2.15,2.17,2.1,2.12,129900,2.12,USAT
Thu Jun 12 2014 00:00:00 GMT+0800 (China Standard Time),2.13,2.14,2.01,2.01,253300,2.01,USAT
Fri Jun 13 2014 00:00:00 GMT+0800 (China Standard Time),2.01,2.08,2,2.02,339600,2.02,USAT
Mon Jun 16 2014 00:00:00 GMT+0800 (China Standard Time),2.02,2.04,2,2.02,55300,2.02,USAT
Tue Jun 17 2014 00:00:00 GMT+0800 (China Standard Time),2,2.05,2,2.03,65200,2.03,USAT
Wed Jun 18 2014 00:00:00 GMT+0800 (China Standard Time),2.03,2.06,2.01,2.05,63400,2.05,USAT
Thu Jun 19 2014 00:00:00 GMT+0800 (China Standard Time),2.07,2.08,1.97,2.02,114500,2.02,USAT
Fri Jun 20 2014 00:00:00 GMT+0800 (China Standard Time),2.03,2.05,2.02,2.04,91400,2.04,USAT
Mon Jun 23 2014 00:00:00 GMT+0800 (China Standard Time),2.08,2.08,2.03,2.05,99800,2.05,USAT
Tue Jun 24 2014 00:00:00 GMT+0800 (China Standard Time),2.07,2.07,2,2,174400,2,USAT
Wed Jun 25 2014 00:00:00 GMT+0800 (China Standard Time),2,2.05,2,2.02,60500,2.02,USAT
Thu Jun 26 2014 00:00:00 GMT+0800 (China Standard Time),2.03,2.03,1.97,1.99,167600,1.99,USAT
Fri Jun 27 2014 00:00:00 GMT+0800 (China Standard Time),2,2.07,1.99,2.02,162900,2.02,USAT
Mon Jun 30 2014 00:00:00 GMT+0800 (China Standard Time),2.04,2.13,2.04,2.11,301100,2.11,USAT
Tue Jul 01 2014 00:00:00 GMT+0800 (China Standard Time),2.13,2.15,2.07,2.07,206300,2.07,USAT
Wed Jul 02 2014 00:00:00 GMT+0800 (China Standard Time),2.1,2.15,2.1,2.1,138800,2.1,USAT
Thu Jul 03 2014 00:00:00 GMT+0800 (China Standard Time),2.1,2.14,2.1,2.11,42700,2.11,USAT
Mon Jul 07 2014 00:00:00 GMT+0800 (China Standard Time),2.11,2.13,2.1,2.11,59600,2.11,USAT
Tue Jul 08 2014 00:00:00 GMT+0800 (China Standard Time),2.12,2.12,2.05,2.11,137900,2.11,USAT
Wed Jul 09 2014 00:00:00 GMT+0800 (China Standard Time),2.08,2.13,2.05,2.11,68800,2.11,USAT
Thu Jul 10 2014 00:00:00 GMT+0800 (China Standard Time),2.07,2.12,2.05,2.08,93300,2.08,USAT
Fri Jul 11 2014 00:00:00 GMT+0800 (China Standard Time),2.09,2.11,2.02,2.05,134300,2.05,USAT
Mon Jul 14 2014 00:00:00 GMT+0800 (China Standard Time),2.07,2.12,2.05,2.1,192800,2.1,USAT
Tue Jul 15 2014 00:00:00 GMT+0800 (China Standard Time),2.09,2.11,2.07,2.1,119000,2.1,USAT
Wed Jul 16 2014 00:00:00 GMT+0800 (China Standard Time),2.09,2.15,2.05,2.13,161600,2.13,USAT
Thu Jul 17 2014 00:00:00 GMT+0800 (China Standard Time),2.12,2.13,2.06,2.08,131300,2.08,USAT
Fri Jul 18 2014 00:00:00 GMT+0800 (China Standard Time),2.06,2.12,2.02,2.1,164100,2.1,USAT
Mon Jul 21 2014 00:00:00 GMT+0800 (China Standard Time),2.1,2.12,2.1,2.1,159300,2.1,USAT
Tue Jul 22 2014 00:00:00 GMT+0800 (China Standard Time),2.09,2.22,2.09,2.15,388500,2.15,USAT
Wed Jul 23 2014 00:00:00 GMT+0800 (China Standard Time),2.17,2.19,2.11,2.14,22800,2.14,USAT
Thu Jul 24 2014 00:00:00 GMT+0800 (China Standard Time),2.18,2.18,2.11,2.11,114600,2.11,USAT
Fri Jul 25 2014 00:00:00 GMT+0800 (China Standard Time),2.1,2.12,2.1,2.1,74700,2.1,USAT
Mon Jul 28 2014 00:00:00 GMT+0800 (China Standard Time),2.08,2.1,2.04,2.07,136700,2.07,USAT
Tue Jul 29 2014 00:00:00 GMT+0800 (China Standard Time),2.1,2.12,2.08,2.11,34900,2.11,USAT
Wed Jul 30 2014 00:00:00 GMT+0800 (China Standard Time),2.11,2.13,2.03,2.05,118600,2.05,USAT
Thu Jul 31 2014 00:00:00 GMT+0800 (China Standard Time),2.02,2.1,1.96,2.04,307900,2.04,USAT
Fri Aug 01 2014 00:00:00 GMT+0800 (China Standard Time),2.03,2.04,1.99,2,47100,2,USAT
Mon Aug 04 2014 00:00:00 GMT+0800 (China Standard Time),2,2.03,1.98,2,64900,2,USAT
Tue Aug 05 2014 00:00:00 GMT+0800 (China Standard Time),1.99,2.03,1.98,1.98,84400,1.98,USAT
Wed Aug 06 2014 00:00:00 GMT+0800 (China Standard Time),1.99,2.1,1.87,1.87,2179800,1.87,USAT
Thu Aug 07 2014 00:00:00 GMT+0800 (China Standard Time),1.87,1.91,1.78,1.84,323700,1.84,USAT
Fri Aug 08 2014 00:00:00 GMT+0800 (China Standard Time),1.82,1.91,1.81,1.9,206200,1.9,USAT
Mon Aug 11 2014 00:00:00 GMT+0800 (China Standard Time),1.93,1.97,1.9,1.92,85100,1.92,USAT
Tue Aug 12 2014 00:00:00 GMT+0800 (China Standard Time),1.92,1.94,1.85,1.92,85800,1.92,USAT
Wed Aug 13 2014 00:00:00 GMT+0800 (China Standard Time),1.95,1.95,1.86,1.92,51800,1.92,USAT
Thu Aug 14 2014 00:00:00 GMT+0800 (China Standard Time),1.91,1.91,1.86,1.89,66100,1.89,USAT
Fri Aug 15 2014 00:00:00 GMT+0800 (China Standard Time),1.86,1.91,1.85,1.91,93300,1.91,USAT
Mon Aug 18 2014 00:00:00 GMT+0800 (China Standard Time),1.9,1.9,1.83,1.83,193400,1.83,USAT
Tue Aug 19 2014 00:00:00 GMT+0800 (China Standard Time),1.82,1.87,1.82,1.84,77900,1.84,USAT
Wed Aug 20 2014 00:00:00 GMT+0800 (China Standard Time),1.85,1.89,1.83,1.84,104300,1.84,USAT
Thu Aug 21 2014 00:00:00 GMT+0800 (China Standard Time),1.89,1.89,1.83,1.84,23100,1.84,USAT
Fri Aug 22 2014 00:00:00 GMT+0800 (China Standard Time),1.83,1.89,1.72,1.75,410300,1.75,USAT
Mon Aug 25 2014 00:00:00 GMT+0800 (China Standard Time),1.75,1.79,1.75,1.75,162400,1.75,USAT
Tue Aug 26 2014 00:00:00 GMT+0800 (China Standard Time),1.76,1.77,1.71,1.74,156800,1.74,USAT
Wed Aug 27 2014 00:00:00 GMT+0800 (China Standard Time),1.72,1.79,1.72,1.77,141500,1.77,USAT
Thu Aug 28 2014 00:00:00 GMT+0800 (China Standard Time),1.75,1.81,1.74,1.78,549400,1.78,USAT
Fri Aug 29 2014 00:00:00 GMT+0800 (China Standard Time),1.8,1.83,1.75,1.8,439900,1.8,USAT
Tue Sep 02 2014 00:00:00 GMT+0800 (China Standard Time),1.76,1.9,1.76,1.88,320000,1.88,USAT
Wed Sep 03 2014 00:00:00 GMT+0800 (China Standard Time),1.9,1.92,1.84,1.86,115300,1.86,USAT
Thu Sep 04 2014 00:00:00 GMT+0800 (China Standard Time),1.85,1.87,1.77,1.83,136700,1.83,USAT
Fri Sep 05 2014 00:00:00 GMT+0800 (China Standard Time),1.8,1.86,1.8,1.85,92600,1.85,USAT
Mon Sep 08 2014 00:00:00 GMT+0800 (China Standard Time),1.86,2.04,1.84,2,415700,2,USAT
Tue Sep 09 2014 00:00:00 GMT+0800 (China Standard Time),2.02,2.07,1.88,2.05,874300,2.05,USAT
Wed Sep 10 2014 00:00:00 GMT+0800 (China Standard Time),2.1,2.35,2.09,2.14,3422700,2.14,USAT
Thu Sep 11 2014 00:00:00 GMT+0800 (China Standard Time),2.17,2.17,2.04,2.08,335400,2.08,USAT
Fri Sep 12 2014 00:00:00 GMT+0800 (China Standard Time),2.17,2.24,2.1,2.14,537200,2.14,USAT
Mon Sep 15 2014 00:00:00 GMT+0800 (China Standard Time),2.23,2.45,2.18,2.32,2556000,2.32,USAT
Tue Sep 16 2014 00:00:00 GMT+0800 (China Standard Time),2.3,2.32,2.16,2.17,568600,2.17,USAT
Wed Sep 17 2014 00:00:00 GMT+0800 (China Standard Time),2.2,2.26,2.11,2.15,381600,2.15,USAT
Thu Sep 18 2014 00:00:00 GMT+0800 (China Standard Time),2.14,2.22,2.06,2.08,320800,2.08,USAT
Fri Sep 19 2014 00:00:00 GMT+0800 (China Standard Time),2.12,2.15,1.99,2.02,413400,2.02,USAT
Mon Sep 22 2014 00:00:00 GMT+0800 (China Standard Time),2.02,2.03,1.85,2,950800,2,USAT
Tue Sep 23 2014 00:00:00 GMT+0800 (China Standard Time),2,2,1.8,1.83,551500,1.83,USAT
Wed Sep 24 2014 00:00:00 GMT+0800 (China Standard Time),1.82,1.92,1.81,1.88,272500,1.88,USAT
Thu Sep 25 2014 00:00:00 GMT+0800 (China Standard Time),1.89,1.93,1.8,1.83,261400,1.83,USAT
Fri Sep 26 2014 00:00:00 GMT+0800 (China Standard Time),1.85,1.91,1.8,1.9,208200,1.9,USAT
Mon Sep 29 2014 00:00:00 GMT+0800 (China Standard Time),1.82,1.86,1.8,1.84,197700,1.84,USAT
Tue Sep 30 2014 00:00:00 GMT+0800 (China Standard Time),1.82,1.83,1.77,1.8,238600,1.8,USAT
Wed Oct 01 2014 00:00:00 GMT+0800 (China Standard Time),1.79,1.8,1.76,1.78,154400,1.78,USAT
Thu Oct 02 2014 00:00:00 GMT+0800 (China Standard Time),1.81,1.86,1.67,1.74,330300,1.74,USAT
Fri Oct 03 2014 00:00:00 GMT+0800 (China Standard Time),1.75,1.83,1.74,1.75,99100,1.75,USAT
Mon Oct 06 2014 00:00:00 GMT+0800 (China Standard Time),1.84,1.84,1.72,1.74,259000,1.74,USAT
Tue Oct 07 2014 00:00:00 GMT+0800 (China Standard Time),1.77,1.77,1.66,1.68,233100,1.68,USAT
Wed Oct 08 2014 00:00:00 GMT+0800 (China Standard Time),1.68,1.68,1.61,1.67,123500,1.67,USAT
Thu Oct 09 2014 00:00:00 GMT+0800 (China Standard Time),1.68,1.68,1.6,1.62,90900,1.62,USAT
Fri Oct 10 2014 00:00:00 GMT+0800 (China Standard Time),1.6,1.62,1.54,1.55,278400,1.55,USAT
Mon Oct 13 2014 00:00:00 GMT+0800 (China Standard Time),1.53,1.61,1.53,1.59,113100,1.59,USAT
Tue Oct 14 2014 00:00:00 GMT+0800 (China Standard Time),1.6,1.61,1.55,1.57,83100,1.57,USAT
Wed Oct 15 2014 00:00:00 GMT+0800 (China Standard Time),1.57,1.61,1.55,1.55,55000,1.55,USAT
Thu Oct 16 2014 00:00:00 GMT+0800 (China Standard Time),1.55,1.64,1.51,1.6,131700,1.6,USAT
Fri Oct 17 2014 00:00:00 GMT+0800 (China Standard Time),1.65,1.7,1.61,1.61,173400,1.61,USAT
Mon Oct 20 2014 00:00:00 GMT+0800 (China Standard Time),1.61,1.64,1.6,1.63,26300,1.63,USAT
Tue Oct 21 2014 00:00:00 GMT+0800 (China Standard Time),1.69,1.87,1.69,1.78,623200,1.78,USAT
Wed Oct 22 2014 00:00:00 GMT+0800 (China Standard Time),1.76,1.8,1.67,1.67,189900,1.67,USAT
Thu Oct 23 2014 00:00:00 GMT+0800 (China Standard Time),1.67,1.71,1.63,1.66,117400,1.66,USAT
Fri Oct 24 2014 00:00:00 GMT+0800 (China Standard Time),1.65,1.7,1.65,1.7,93600,1.7,USAT
Mon Oct 27 2014 00:00:00 GMT+0800 (China Standard Time),1.7,1.7,1.65,1.66,64600,1.66,USAT
Tue Oct 28 2014 00:00:00 GMT+0800 (China Standard Time),1.66,1.8,1.66,1.73,54700,1.73,USAT
Wed Oct 29 2014 00:00:00 GMT+0800 (China Standard Time),1.74,1.75,1.7,1.74,53300,1.74,USAT
Thu Oct 30 2014 00:00:00 GMT+0800 (China Standard Time),1.72,1.75,1.72,1.75,47200,1.75,USAT
Fri Oct 31 2014 00:00:00 GMT+0800 (China Standard Time),1.75,1.8,1.73,1.74,133600,1.74,USAT
Mon Nov 03 2014 00:00:00 GMT+0800 (China Standard Time),1.74,1.79,1.73,1.74,53800,1.74,USAT
Tue Nov 04 2014 00:00:00 GMT+0800 (China Standard Time),1.79,1.79,1.7,1.72,68400,1.72,USAT
Wed Nov 05 2014 00:00:00 GMT+0800 (China Standard Time),1.75,1.77,1.68,1.71,86200,1.71,USAT
Thu Nov 06 2014 00:00:00 GMT+0800 (China Standard Time),1.69,1.74,1.65,1.71,112400,1.71,USAT
Fri Nov 07 2014 00:00:00 GMT+0800 (China Standard Time),1.73,1.75,1.68,1.7,83200,1.7,USAT
Mon Nov 10 2014 00:00:00 GMT+0800 (China Standard Time),1.71,1.75,1.65,1.67,134600,1.67,USAT
Tue Nov 11 2014 00:00:00 GMT+0800 (China Standard Time),1.67,1.7,1.63,1.64,84100,1.64,USAT
Wed Nov 12 2014 00:00:00 GMT+0800 (China Standard Time),1.65,1.7,1.61,1.62,105100,1.62,USAT
Thu Nov 13 2014 00:00:00 GMT+0800 (China Standard Time),1.62,1.67,1.59,1.59,136400,1.59,USAT
Fri Nov 14 2014 00:00:00 GMT+0800 (China Standard Time),1.68,1.68,1.6,1.6,146800,1.6,USAT
Mon Nov 17 2014 00:00:00 GMT+0800 (China Standard Time),1.61,1.65,1.49,1.53,226700,1.53,USAT
Tue Nov 18 2014 00:00:00 GMT+0800 (China Standard Time),1.5,1.6,1.5,1.6,195400,1.6,USAT
Wed Nov 19 2014 00:00:00 GMT+0800 (China Standard Time),1.6,1.6,1.55,1.57,68600,1.57,USAT
Thu Nov 20 2014 00:00:00 GMT+0800 (China Standard Time),1.58,1.61,1.52,1.55,154200,1.55,USAT
Fri Nov 21 2014 00:00:00 GMT+0800 (China Standard Time),1.6,1.6,1.52,1.57,118800,1.57,USAT
Mon Nov 24 2014 00:00:00 GMT+0800 (China Standard Time),1.59,1.63,1.55,1.57,85300,1.57,USAT
Tue Nov 25 2014 00:00:00 GMT+0800 (China Standard Time),1.58,1.63,1.55,1.57,170700,1.57,USAT
Wed Nov 26 2014 00:00:00 GMT+0800 (China Standard Time),1.6,1.63,1.59,1.62,147600,1.62,USAT
Fri Nov 28 2014 00:00:00 GMT+0800 (China Standard Time),1.62,1.63,1.57,1.58,48300,1.58,USAT
Mon Dec 01 2014 00:00:00 GMT+0800 (China Standard Time),1.58,1.6,1.51,1.56,157300,1.56,USAT
Tue Dec 02 2014 00:00:00 GMT+0800 (China Standard Time),1.56,1.6,1.52,1.57,72600,1.57,USAT
Wed Dec 03 2014 00:00:00 GMT+0800 (China Standard Time),1.55,1.57,1.51,1.52,94600,1.52,USAT
Thu Dec 04 2014 00:00:00 GMT+0800 (China Standard Time),1.52,1.55,1.49,1.54,64400,1.54,USAT
Fri Dec 05 2014 00:00:00 GMT+0800 (China Standard Time),1.52,1.55,1.49,1.55,127900,1.55,USAT
Mon Dec 08 2014 00:00:00 GMT+0800 (China Standard Time),1.54,1.54,1.47,1.49,85600,1.49,USAT
Tue Dec 09 2014 00:00:00 GMT+0800 (China Standard Time),1.46,1.52,1.42,1.52,141400,1.52,USAT
Wed Dec 10 2014 00:00:00 GMT+0800 (China Standard Time),1.53,1.61,1.53,1.57,158000,1.57,USAT
Thu Dec 11 2014 00:00:00 GMT+0800 (China Standard Time),1.54,1.61,1.52,1.55,80600,1.55,USAT
Fri Dec 12 2014 00:00:00 GMT+0800 (China Standard Time),1.55,1.6,1.52,1.6,37700,1.6,USAT
Mon Dec 15 2014 00:00:00 GMT+0800 (China Standard Time),1.61,1.61,1.55,1.6,94400,1.6,USAT
Tue Dec 16 2014 00:00:00 GMT+0800 (China Standard Time),1.56,1.61,1.54,1.59,90300,1.59,USAT
Wed Dec 17 2014 00:00:00 GMT+0800 (China Standard Time),1.6,1.65,1.52,1.6,251700,1.6,USAT
Thu Dec 18 2014 00:00:00 GMT+0800 (China Standard Time),1.63,1.67,1.61,1.65,121700,1.65,USAT
Fri Dec 19 2014 00:00:00 GMT+0800 (China Standard Time),1.65,1.67,1.62,1.63,108000,1.63,USAT
Mon Dec 22 2014 00:00:00 GMT+0800 (China Standard Time),1.61,1.69,1.61,1.66,109400,1.66,USAT
Tue Dec 23 2014 00:00:00 GMT+0800 (China Standard Time),1.69,1.69,1.65,1.66,93900,1.66,USAT
Wed Dec 24 2014 00:00:00 GMT+0800 (China Standard Time),1.69,1.72,1.65,1.67,175800,1.67,USAT
Fri Dec 26 2014 00:00:00 GMT+0800 (China Standard Time),1.68,1.72,1.68,1.7,31500,1.7,USAT
Mon Dec 29 2014 00:00:00 GMT+0800 (China Standard Time),1.68,1.73,1.65,1.68,103500,1.68,USAT
Tue Dec 30 2014 00:00:00 GMT+0800 (China Standard Time),1.64,1.67,1.52,1.57,170900,1.57,USAT
Wed Dec 31 2014 00:00:00 GMT+0800 (China Standard Time),1.58,1.65,1.58,1.61,304000,1.61,USAT
Fri Jan 02 2015 00:00:00 GMT+0800 (China Standard Time),1.62,1.64,1.55,1.62,57700,1.62,USAT
Mon Jan 05 2015 00:00:00 GMT+0800 (China Standard Time),1.61,1.62,1.57,1.61,31900,1.61,USAT
Tue Jan 06 2015 00:00:00 GMT+0800 (China Standard Time),1.59,1.61,1.55,1.59,69100,1.59,USAT
Wed Jan 07 2015 00:00:00 GMT+0800 (China Standard Time),1.58,1.61,1.58,1.6,36900,1.6,USAT
Thu Jan 08 2015 00:00:00 GMT+0800 (China Standard Time),1.62,1.62,1.6,1.62,65600,1.62,USAT
Fri Jan 09 2015 00:00:00 GMT+0800 (China Standard Time),1.6,1.67,1.6,1.66,118400,1.66,USAT
Mon Jan 12 2015 00:00:00 GMT+0800 (China Standard Time),1.67,1.83,1.66,1.77,847900,1.77,USAT
Tue Jan 13 2015 00:00:00 GMT+0800 (China Standard Time),1.8,1.8,1.65,1.69,153900,1.69,USAT
Wed Jan 14 2015 00:00:00 GMT+0800 (China Standard Time),1.66,1.69,1.6,1.62,154700,1.62,USAT
Thu Jan 15 2015 00:00:00 GMT+0800 (China Standard Time),1.61,1.62,1.55,1.57,132900,1.57,USAT
Fri Jan 16 2015 00:00:00 GMT+0800 (China Standard Time),1.6,1.66,1.6,1.66,91500,1.66,USAT
Tue Jan 20 2015 00:00:00 GMT+0800 (China Standard Time),1.64,1.76,1.64,1.71,245400,1.71,USAT
Wed Jan 21 2015 00:00:00 GMT+0800 (China Standard Time),1.68,1.74,1.65,1.69,114400,1.69,USAT
Thu Jan 22 2015 00:00:00 GMT+0800 (China Standard Time),1.67,1.72,1.67,1.72,95200,1.72,USAT
Fri Jan 23 2015 00:00:00 GMT+0800 (China Standard Time),1.69,1.77,1.69,1.76,194400,1.76,USAT
Mon Jan 26 2015 00:00:00 GMT+0800 (China Standard Time),1.75,1.8,1.7,1.78,130700,1.78,USAT
Tue Jan 27 2015 00:00:00 GMT+0800 (China Standard Time),1.82,1.93,1.79,1.87,479700,1.87,USAT
Wed Jan 28 2015 00:00:00 GMT+0800 (China Standard Time),2,2.23,1.99,2.09,2313900,2.09,USAT
Thu Jan 29 2015 00:00:00 GMT+0800 (China Standard Time),2.05,2.09,1.92,2.03,563100,2.03,USAT
Fri Jan 30 2015 00:00:00 GMT+0800 (China Standard Time),2.01,2.04,1.92,1.97,220100,1.97,USAT
Mon Feb 02 2015 00:00:00 GMT+0800 (China Standard Time),2,2.02,1.9,1.94,109700,1.94,USAT
Tue Feb 03 2015 00:00:00 GMT+0800 (China Standard Time),1.95,2.01,1.93,1.97,198000,1.97,USAT
Wed Feb 04 2015 00:00:00 GMT+0800 (China Standard Time),2,2.07,1.96,1.96,306200,1.96,USAT
Thu Feb 05 2015 00:00:00 GMT+0800 (China Standard Time),1.99,2,1.95,1.95,117900,1.95,USAT
Fri Feb 06 2015 00:00:00 GMT+0800 (China Standard Time),2,2.01,1.93,1.98,166900,1.98,USAT
Mon Feb 09 2015 00:00:00 GMT+0800 (China Standard Time),1.98,2,1.92,1.95,109300,1.95,USAT
Tue Feb 10 2015 00:00:00 GMT+0800 (China Standard Time),1.98,1.98,1.9,1.95,98100,1.95,USAT
Wed Feb 11 2015 00:00:00 GMT+0800 (China Standard Time),1.96,1.99,1.9,1.97,161900,1.97,USAT
Thu Feb 12 2015 00:00:00 GMT+0800 (China Standard Time),2,2.01,1.94,2,128500,2,USAT
Fri Feb 13 2015 00:00:00 GMT+0800 (China Standard Time),2.04,2.08,1.96,2.07,246100,2.07,USAT
Tue Feb 17 2015 00:00:00 GMT+0800 (China Standard Time),2.13,2.21,2.08,2.15,650900,2.15,USAT
Wed Feb 18 2015 00:00:00 GMT+0800 (China Standard Time),2.18,2.31,2.15,2.25,821300,2.25,USAT
Thu Feb 19 2015 00:00:00 GMT+0800 (China Standard Time),2.26,2.27,2.19,2.26,337300,2.26,USAT
Fri Feb 20 2015 00:00:00 GMT+0800 (China Standard Time),2.25,2.26,2.17,2.22,211600,2.22,USAT
Mon Feb 23 2015 00:00:00 GMT+0800 (China Standard Time),2.18,2.2,2.15,2.16,178000,2.16,USAT
Tue Feb 24 2015 00:00:00 GMT+0800 (China Standard Time),2.15,2.26,2.13,2.24,275700,2.24,USAT
Wed Feb 25 2015 00:00:00 GMT+0800 (China Standard Time),2.26,2.44,2.21,2.33,518200,2.33,USAT
Thu Feb 26 2015 00:00:00 GMT+0800 (China Standard Time),2.33,2.43,2.29,2.39,403300,2.39,USAT
Fri Feb 27 2015 00:00:00 GMT+0800 (China Standard Time),2.39,2.4,2.32,2.36,156900,2.36,USAT
Mon Mar 02 2015 00:00:00 GMT+0800 (China Standard Time),2.35,2.4,2.3,2.4,219900,2.4,USAT
Tue Mar 03 2015 00:00:00 GMT+0800 (China Standard Time),2.38,2.45,2.35,2.37,252500,2.37,USAT
Wed Mar 04 2015 00:00:00 GMT+0800 (China Standard Time),2.37,2.37,2.26,2.31,291600,2.31,USAT
Thu Mar 05 2015 00:00:00 GMT+0800 (China Standard Time),2.32,2.34,2.28,2.32,105100,2.32,USAT
Fri Mar 06 2015 00:00:00 GMT+0800 (China Standard Time),2.3,2.36,2.26,2.3,78100,2.3,USAT
Mon Mar 09 2015 00:00:00 GMT+0800 (China Standard Time),2.29,2.29,2.03,2.25,498000,2.25,USAT
Tue Mar 10 2015 00:00:00 GMT+0800 (China Standard Time),2.25,2.25,2.16,2.19,85200,2.19,USAT
Wed Mar 11 2015 00:00:00 GMT+0800 (China Standard Time),2.19,2.27,2.17,2.2,152100,2.2,USAT
Thu Mar 12 2015 00:00:00 GMT+0800 (China Standard Time),2.26,2.3,2.2,2.3,187400,2.3,USAT
Fri Mar 13 2015 00:00:00 GMT+0800 (China Standard Time),2.32,2.34,2.16,2.26,241900,2.26,USAT
Mon Mar 16 2015 00:00:00 GMT+0800 (China Standard Time),2.25,2.31,2.2,2.3,148500,2.3,USAT
Tue Mar 17 2015 00:00:00 GMT+0800 (China Standard Time),2.28,2.34,2.22,2.32,117300,2.32,USAT
Wed Mar 18 2015 00:00:00 GMT+0800 (China Standard Time),2.28,2.35,2.23,2.33,178100,2.33,USAT
Thu Mar 19 2015 00:00:00 GMT+0800 (China Standard Time),2.36,2.45,2.31,2.42,395800,2.42,USAT
Fri Mar 20 2015 00:00:00 GMT+0800 (China Standard Time),2.45,2.45,2.37,2.45,157300,2.45,USAT
Mon Mar 23 2015 00:00:00 GMT+0800 (China Standard Time),2.4,2.67,2.4,2.67,925300,2.67,USAT
Tue Mar 24 2015 00:00:00 GMT+0800 (China Standard Time),2.67,2.69,2.58,2.66,386900,2.66,USAT
Wed Mar 25 2015 00:00:00 GMT+0800 (China Standard Time),2.68,2.73,2.58,2.62,459700,2.62,USAT
Thu Mar 26 2015 00:00:00 GMT+0800 (China Standard Time),2.64,2.7,2.58,2.67,216000,2.67,USAT
Fri Mar 27 2015 00:00:00 GMT+0800 (China Standard Time),2.68,2.74,2.63,2.7,182100,2.7,USAT
Mon Mar 30 2015 00:00:00 GMT+0800 (China Standard Time),2.7,2.76,2.66,2.71,328200,2.71,USAT
Tue Mar 31 2015 00:00:00 GMT+0800 (China Standard Time),2.69,2.76,2.62,2.75,152900,2.75,USAT
Wed Apr 01 2015 00:00:00 GMT+0800 (China Standard Time),2.72,2.83,2.7,2.77,175900,2.77,USAT
Thu Apr 02 2015 00:00:00 GMT+0800 (China Standard Time),2.83,3,2.8,2.94,882700,2.94,USAT
Mon Apr 06 2015 00:00:00 GMT+0800 (China Standard Time),2.93,2.94,2.8,2.84,358700,2.84,USAT
Tue Apr 07 2015 00:00:00 GMT+0800 (China Standard Time),2.85,2.88,2.78,2.8,150800,2.8,USAT
Wed Apr 08 2015 00:00:00 GMT+0800 (China Standard Time),2.8,2.82,2.62,2.75,325200,2.75,USAT
Thu Apr 09 2015 00:00:00 GMT+0800 (China Standard Time),2.72,2.8,2.71,2.71,143200,2.71,USAT
Fri Apr 10 2015 00:00:00 GMT+0800 (China Standard Time),2.75,2.8,2.72,2.76,190300,2.76,USAT
Mon Apr 13 2015 00:00:00 GMT+0800 (China Standard Time),2.77,2.84,2.77,2.82,132500,2.82,USAT
Tue Apr 14 2015 00:00:00 GMT+0800 (China Standard Time),2.81,2.81,2.78,2.8,71300,2.8,USAT
Wed Apr 15 2015 00:00:00 GMT+0800 (China Standard Time),2.8,2.8,2.75,2.8,184900,2.8,USAT
Thu Apr 16 2015 00:00:00 GMT+0800 (China Standard Time),2.78,2.8,2.76,2.8,125300,2.8,USAT
Fri Apr 17 2015 00:00:00 GMT+0800 (China Standard Time),2.76,2.77,2.7,2.73,233600,2.73,USAT
Mon Apr 20 2015 00:00:00 GMT+0800 (China Standard Time),2.73,2.78,2.7,2.75,49000,2.75,USAT
Tue Apr 21 2015 00:00:00 GMT+0800 (China Standard Time),2.73,2.78,2.71,2.77,67500,2.77,USAT
Wed Apr 22 2015 00:00:00 GMT+0800 (China Standard Time),2.81,2.89,2.79,2.8,184100,2.8,USAT
Thu Apr 23 2015 00:00:00 GMT+0800 (China Standard Time),2.79,2.87,2.73,2.81,79300,2.81,USAT
Fri Apr 24 2015 00:00:00 GMT+0800 (China Standard Time),2.82,2.83,2.78,2.83,90900,2.83,USAT
Mon Apr 27 2015 00:00:00 GMT+0800 (China Standard Time),2.83,2.83,2.8,2.82,85600,2.82,USAT
Tue Apr 28 2015 00:00:00 GMT+0800 (China Standard Time),2.85,3.07,2.84,3.04,1053400,3.04,USAT
Wed Apr 29 2015 00:00:00 GMT+0800 (China Standard Time),3.06,3.16,2.97,3.08,464800,3.08,USAT
Thu Apr 30 2015 00:00:00 GMT+0800 (China Standard Time),3.08,3.08,2.91,3,406600,3,USAT
Fri May 01 2015 00:00:00 GMT+0800 (China Standard Time),3.03,3.03,2.94,2.98,373300,2.98,USAT
Mon May 04 2015 00:00:00 GMT+0800 (China Standard Time),3,3.01,2.81,2.89,255700,2.89,USAT
Tue May 05 2015 00:00:00 GMT+0800 (China Standard Time),2.9,2.9,2.75,2.82,182300,2.82,USAT
Wed May 06 2015 00:00:00 GMT+0800 (China Standard Time),2.84,2.84,2.66,2.71,368000,2.71,USAT
Thu May 07 2015 00:00:00 GMT+0800 (China Standard Time),2.71,2.75,2.65,2.72,139100,2.72,USAT
Fri May 08 2015 00:00:00 GMT+0800 (China Standard Time),2.73,2.79,2.68,2.72,132000,2.72,USAT
Mon May 11 2015 00:00:00 GMT+0800 (China Standard Time),2.8,2.92,2.78,2.9,270200,2.9,USAT
Tue May 12 2015 00:00:00 GMT+0800 (China Standard Time),2.92,3.14,2.92,3.1,796100,3.1,USAT
Wed May 13 2015 00:00:00 GMT+0800 (China Standard Time),3.14,3.23,3.1,3.21,569200,3.21,USAT
Thu May 14 2015 00:00:00 GMT+0800 (China Standard Time),3.25,3.29,3.16,3.27,643500,3.27,USAT
Fri May 15 2015 00:00:00 GMT+0800 (China Standard Time),3.3,3.36,3.25,3.3,271400,3.3,USAT
Mon May 18 2015 00:00:00 GMT+0800 (China Standard Time),3.35,3.35,3.2,3.21,331200,3.21,USAT
Tue May 19 2015 00:00:00 GMT+0800 (China Standard Time),3.2,3.21,3.03,3.09,333000,3.09,USAT
Wed May 20 2015 00:00:00 GMT+0800 (China Standard Time),3.09,3.18,3,3.12,335200,3.12,USAT
Thu May 21 2015 00:00:00 GMT+0800 (China Standard Time),3.09,3.16,3.05,3.08,164900,3.08,USAT
Fri May 22 2015 00:00:00 GMT+0800 (China Standard Time),3.1,3.14,3.06,3.09,174800,3.09,USAT
Tue May 26 2015 00:00:00 GMT+0800 (China Standard Time),3.11,3.12,3,3.05,171800,3.05,USAT
Wed May 27 2015 00:00:00 GMT+0800 (China Standard Time),3.07,3.11,3.04,3.08,114600,3.08,USAT
Thu May 28 2015 00:00:00 GMT+0800 (China Standard Time),3.1,3.35,3.05,3.22,513400,3.22,USAT
Fri May 29 2015 00:00:00 GMT+0800 (China Standard Time),3.27,3.3,3.16,3.26,185300,3.26,USAT
Mon Jun 01 2015 00:00:00 GMT+0800 (China Standard Time),3.29,3.3,3.2,3.25,131800,3.25,USAT
Tue Jun 02 2015 00:00:00 GMT+0800 (China Standard Time),3.28,3.28,3.14,3.21,169600,3.21,USAT
Wed Jun 03 2015 00:00:00 GMT+0800 (China Standard Time),3.21,3.26,3.14,3.24,126300,3.24,USAT
Thu Jun 04 2015 00:00:00 GMT+0800 (China Standard Time),3.24,3.24,3.01,3.16,317900,3.16,USAT
Fri Jun 05 2015 00:00:00 GMT+0800 (China Standard Time),3.14,3.26,3.09,3.24,246700,3.24,USAT
Mon Jun 08 2015 00:00:00 GMT+0800 (China Standard Time),3.26,3.27,3.06,3.15,290800,3.15,USAT
Tue Jun 09 2015 00:00:00 GMT+0800 (China Standard Time),3.17,3.17,3.04,3.08,278600,3.08,USAT
Wed Jun 10 2015 00:00:00 GMT+0800 (China Standard Time),3.07,3.14,2.98,2.99,318800,2.99,USAT
Thu Jun 11 2015 00:00:00 GMT+0800 (China Standard Time),3,3.05,2.95,3.02,207300,3.02,USAT
Fri Jun 12 2015 00:00:00 GMT+0800 (China Standard Time),3.03,3.05,2.98,3.02,122100,3.02,USAT
Mon Jun 15 2015 00:00:00 GMT+0800 (China Standard Time),3.02,3.02,2.91,2.95,201100,2.95,USAT
Tue Jun 16 2015 00:00:00 GMT+0800 (China Standard Time),2.92,2.93,2.75,2.77,419500,2.77,USAT
Wed Jun 17 2015 00:00:00 GMT+0800 (China Standard Time),2.74,2.79,2.69,2.72,303000,2.72,USAT
Thu Jun 18 2015 00:00:00 GMT+0800 (China Standard Time),2.71,2.85,2.7,2.82,142300,2.82,USAT
Fri Jun 19 2015 00:00:00 GMT+0800 (China Standard Time),2.84,2.88,2.76,2.87,226200,2.87,USAT
Mon Jun 22 2015 00:00:00 GMT+0800 (China Standard Time),2.82,2.91,2.82,2.87,103600,2.87,USAT
Tue Jun 23 2015 00:00:00 GMT+0800 (China Standard Time),2.92,2.96,2.87,2.92,160800,2.92,USAT
Wed Jun 24 2015 00:00:00 GMT+0800 (China Standard Time),2.94,2.98,2.85,2.85,190000,2.85,USAT
Thu Jun 25 2015 00:00:00 GMT+0800 (China Standard Time),2.83,2.88,2.8,2.85,87300,2.85,USAT
Fri Jun 26 2015 00:00:00 GMT+0800 (China Standard Time),2.84,2.84,2.74,2.77,234700,2.77,USAT
Mon Jun 29 2015 00:00:00 GMT+0800 (China Standard Time),2.75,2.79,2.61,2.65,321500,2.65,USAT
Tue Jun 30 2015 00:00:00 GMT+0800 (China Standard Time),2.7,2.75,2.65,2.7,319300,2.7,USAT
Wed Jul 01 2015 00:00:00 GMT+0800 (China Standard Time),2.7,2.88,2.7,2.85,324200,2.85,USAT
Thu Jul 02 2015 00:00:00 GMT+0800 (China Standard Time),2.85,2.93,2.84,2.92,438400,2.92,USAT
Mon Jul 06 2015 00:00:00 GMT+0800 (China Standard Time),2.89,2.97,2.83,2.9,95800,2.9,USAT
Tue Jul 07 2015 00:00:00 GMT+0800 (China Standard Time),2.89,2.89,2.83,2.87,145500,2.87,USAT
Wed Jul 08 2015 00:00:00 GMT+0800 (China Standard Time),2.82,2.92,2.8,2.84,214600,2.84,USAT
Thu Jul 09 2015 00:00:00 GMT+0800 (China Standard Time),2.91,2.91,2.82,2.86,135500,2.86,USAT
Fri Jul 10 2015 00:00:00 GMT+0800 (China Standard Time),3.02,3.19,2.98,3.16,498900,3.16,USAT
Mon Jul 13 2015 00:00:00 GMT+0800 (China Standard Time),3.17,3.24,3.03,3.2,349400,3.2,USAT
Tue Jul 14 2015 00:00:00 GMT+0800 (China Standard Time),3.19,3.37,3.1,3.34,391600,3.34,USAT
Wed Jul 15 2015 00:00:00 GMT+0800 (China Standard Time),3.36,3.49,3.35,3.43,494200,3.43,USAT
Thu Jul 16 2015 00:00:00 GMT+0800 (China Standard Time),3.44,3.52,3.35,3.48,271100,3.48,USAT
Fri Jul 17 2015 00:00:00 GMT+0800 (China Standard Time),3.48,3.48,3.35,3.41,423700,3.41,USAT
Mon Jul 20 2015 00:00:00 GMT+0800 (China Standard Time),3.44,3.48,3.28,3.39,234700,3.39,USAT
Tue Jul 21 2015 00:00:00 GMT+0800 (China Standard Time),3.36,3.42,3.3,3.34,111900,3.34,USAT
Wed Jul 22 2015 00:00:00 GMT+0800 (China Standard Time),3.35,3.4,3.26,3.32,249900,3.32,USAT
Thu Jul 23 2015 00:00:00 GMT+0800 (China Standard Time),3.36,3.46,3.32,3.4,197200,3.4,USAT
Fri Jul 24 2015 00:00:00 GMT+0800 (China Standard Time),3.4,3.42,3.38,3.38,133900,3.38,USAT
Mon Jul 27 2015 00:00:00 GMT+0800 (China Standard Time),3.34,3.38,3.22,3.28,238600,3.28,USAT
Tue Jul 28 2015 00:00:00 GMT+0800 (China Standard Time),3.27,3.35,3.25,3.29,164100,3.29,USAT
Wed Jul 29 2015 00:00:00 GMT+0800 (China Standard Time),3.31,3.38,3.22,3.3,153800,3.3,USAT
Thu Jul 30 2015 00:00:00 GMT+0800 (China Standard Time),3.31,3.31,3.2,3.28,61600,3.28,USAT
Fri Jul 31 2015 00:00:00 GMT+0800 (China Standard Time),3.31,3.45,3.25,3.37,153700,3.37,USAT
Mon Aug 03 2015 00:00:00 GMT+0800 (China Standard Time),3.34,3.35,3.26,3.3,113700,3.3,USAT
Tue Aug 04 2015 00:00:00 GMT+0800 (China Standard Time),3.32,3.32,3.12,3.16,201600,3.16,USAT
Wed Aug 05 2015 00:00:00 GMT+0800 (China Standard Time),3.11,3.26,3.11,3.18,153400,3.18,USAT
Thu Aug 06 2015 00:00:00 GMT+0800 (China Standard Time),3.2,3.26,3.15,3.24,78500,3.24,USAT
Fri Aug 07 2015 00:00:00 GMT+0800 (China Standard Time),3.2,3.24,3.16,3.19,38400,3.19,USAT
Mon Aug 10 2015 00:00:00 GMT+0800 (China Standard Time),3.17,3.23,3.17,3.19,62600,3.19,USAT
Tue Aug 11 2015 00:00:00 GMT+0800 (China Standard Time),3.18,3.21,3.13,3.16,84100,3.16,USAT
Wed Aug 12 2015 00:00:00 GMT+0800 (China Standard Time),3.14,3.14,3.01,3.07,236400,3.07,USAT
Thu Aug 13 2015 00:00:00 GMT+0800 (China Standard Time),3.04,3.14,3,3.11,186000,3.11,USAT
Fri Aug 14 2015 00:00:00 GMT+0800 (China Standard Time),3.1,3.16,3.04,3.1,52100,3.1,USAT
Mon Aug 17 2015 00:00:00 GMT+0800 (China Standard Time),3.07,3.12,3.04,3.08,42200,3.08,USAT
Tue Aug 18 2015 00:00:00 GMT+0800 (China Standard Time),3.06,3.1,3.04,3.06,45000,3.06,USAT
Wed Aug 19 2015 00:00:00 GMT+0800 (China Standard Time),3.06,3.06,2.88,2.98,136600,2.98,USAT
Thu Aug 20 2015 00:00:00 GMT+0800 (China Standard Time),2.95,2.98,2.89,2.9,140700,2.9,USAT
Fri Aug 21 2015 00:00:00 GMT+0800 (China Standard Time),2.89,2.95,2.75,2.82,173300,2.82,USAT
Mon Aug 24 2015 00:00:00 GMT+0800 (China Standard Time),2.48,2.91,1.7,2.75,504800,2.75,USAT
Tue Aug 25 2015 00:00:00 GMT+0800 (China Standard Time),2.8,3.02,2.75,2.76,173000,2.76,USAT
Wed Aug 26 2015 00:00:00 GMT+0800 (China Standard Time),2.82,2.99,2.7,2.87,198700,2.87,USAT
Thu Aug 27 2015 00:00:00 GMT+0800 (China Standard Time),2.91,3.04,2.88,2.97,173200,2.97,USAT
Fri Aug 28 2015 00:00:00 GMT+0800 (China Standard Time),2.99,3.15,2.97,3.08,122000,3.08,USAT
Mon Aug 31 2015 00:00:00 GMT+0800 (China Standard Time),3.1,3.18,3,3.14,36700,3.14,USAT
Tue Sep 01 2015 00:00:00 GMT+0800 (China Standard Time),2.86,3.3,2.86,3.25,500200,3.25,USAT
Wed Sep 02 2015 00:00:00 GMT+0800 (China Standard Time),3.29,3.29,3.12,3.2,157600,3.2,USAT
Thu Sep 03 2015 00:00:00 GMT+0800 (China Standard Time),3.17,3.2,3.11,3.11,84100,3.11,USAT
Fri Sep 04 2015 00:00:00 GMT+0800 (China Standard Time),3.05,3.2,3.05,3.11,78400,3.11,USAT
Tue Sep 08 2015 00:00:00 GMT+0800 (China Standard Time),3.19,3.25,3.05,3.11,91500,3.11,USAT
Wed Sep 09 2015 00:00:00 GMT+0800 (China Standard Time),3.17,3.17,3.06,3.08,71000,3.08,USAT
Thu Sep 10 2015 00:00:00 GMT+0800 (China Standard Time),3.07,3.24,3.06,3.16,180900,3.16,USAT
Fri Sep 11 2015 00:00:00 GMT+0800 (China Standard Time),3.06,3.1,2.82,2.88,470300,2.88,USAT
Mon Sep 14 2015 00:00:00 GMT+0800 (China Standard Time),2.86,3.18,2.76,3.17,303100,3.17,USAT
Tue Sep 15 2015 00:00:00 GMT+0800 (China Standard Time),3.17,3.27,3.14,3.21,166800,3.21,USAT
Wed Sep 16 2015 00:00:00 GMT+0800 (China Standard Time),3.26,3.4,3.2,3.4,359300,3.4,USAT
Thu Sep 17 2015 00:00:00 GMT+0800 (China Standard Time),3.37,3.37,3.16,3.17,214700,3.17,USAT
Fri Sep 18 2015 00:00:00 GMT+0800 (China Standard Time),3.13,3.3,3.13,3.26,140300,3.26,USAT
Mon Sep 21 2015 00:00:00 GMT+0800 (China Standard Time),3.26,3.26,3.12,3.14,103700,3.14,USAT
Tue Sep 22 2015 00:00:00 GMT+0800 (China Standard Time),3.14,3.2,3.08,3.15,81300,3.15,USAT
Wed Sep 23 2015 00:00:00 GMT+0800 (China Standard Time),3.15,3.2,3.1,3.14,53700,3.14,USAT
Thu Sep 24 2015 00:00:00 GMT+0800 (China Standard Time),3.12,3.16,3.06,3.11,31300,3.11,USAT
Fri Sep 25 2015 00:00:00 GMT+0800 (China Standard Time),3.14,3.15,2.96,2.97,167600,2.97,USAT
Mon Sep 28 2015 00:00:00 GMT+0800 (China Standard Time),2.99,2.99,2.83,2.88,159800,2.88,USAT
Tue Sep 29 2015 00:00:00 GMT+0800 (China Standard Time),2.87,2.94,2.46,2.77,318900,2.77,USAT
Wed Sep 30 2015 00:00:00 GMT+0800 (China Standard Time),2.7,2.76,2.13,2.49,1852500,2.49,USAT
Thu Oct 01 2015 00:00:00 GMT+0800 (China Standard Time),2.56,2.69,2.33,2.38,405100,2.38,USAT
Fri Oct 02 2015 00:00:00 GMT+0800 (China Standard Time),2.18,2.49,2.18,2.46,255000,2.46,USAT
Mon Oct 05 2015 00:00:00 GMT+0800 (China Standard Time),2.43,2.47,2.36,2.41,260700,2.41,USAT
Tue Oct 06 2015 00:00:00 GMT+0800 (China Standard Time),2.44,2.5,2.4,2.46,117400,2.46,USAT
Wed Oct 07 2015 00:00:00 GMT+0800 (China Standard Time),2.46,2.52,2.46,2.47,77100,2.47,USAT
Thu Oct 08 2015 00:00:00 GMT+0800 (China Standard Time),2.5,2.67,2.44,2.61,197900,2.61,USAT
Fri Oct 09 2015 00:00:00 GMT+0800 (China Standard Time),2.56,2.73,2.56,2.7,115000,2.7,USAT
Mon Oct 12 2015 00:00:00 GMT+0800 (China Standard Time),2.73,2.73,2.62,2.62,72700,2.62,USAT
Tue Oct 13 2015 00:00:00 GMT+0800 (China Standard Time),2.61,2.73,2.61,2.69,78000,2.69,USAT
Wed Oct 14 2015 00:00:00 GMT+0800 (China Standard Time),2.69,2.73,2.61,2.65,85200,2.65,USAT
Thu Oct 15 2015 00:00:00 GMT+0800 (China Standard Time),2.62,2.73,2.62,2.71,76700,2.71,USAT
Fri Oct 16 2015 00:00:00 GMT+0800 (China Standard Time),2.72,2.9,2.72,2.78,106400,2.78,USAT
Mon Oct 19 2015 00:00:00 GMT+0800 (China Standard Time),2.84,2.85,2.75,2.83,89600,2.83,USAT
Tue Oct 20 2015 00:00:00 GMT+0800 (China Standard Time),2.83,2.88,2.71,2.82,70300,2.82,USAT
Wed Oct 21 2015 00:00:00 GMT+0800 (China Standard Time),2.8,2.86,2.75,2.8,86000,2.8,USAT
Thu Oct 22 2015 00:00:00 GMT+0800 (China Standard Time),2.78,2.83,2.73,2.8,127000,2.8,USAT
Fri Oct 23 2015 00:00:00 GMT+0800 (China Standard Time),2.82,2.93,2.78,2.89,87800,2.89,USAT
Mon Oct 26 2015 00:00:00 GMT+0800 (China Standard Time),2.93,2.97,2.82,2.87,105900,2.87,USAT
Tue Oct 27 2015 00:00:00 GMT+0800 (China Standard Time),2.86,2.86,2.56,2.57,521100,2.57,USAT
Wed Oct 28 2015 00:00:00 GMT+0800 (China Standard Time),2.61,2.68,2.55,2.67,96600,2.67,USAT
Thu Oct 29 2015 00:00:00 GMT+0800 (China Standard Time),2.69,2.85,2.62,2.73,557700,2.73,USAT
Fri Oct 30 2015 00:00:00 GMT+0800 (China Standard Time),2.77,2.86,2.66,2.84,135100,2.84,USAT
Mon Nov 02 2015 00:00:00 GMT+0800 (China Standard Time),2.81,2.95,2.8,2.87,128300,2.87,USAT
Tue Nov 03 2015 00:00:00 GMT+0800 (China Standard Time),2.83,2.94,2.82,2.84,31300,2.84,USAT
Wed Nov 04 2015 00:00:00 GMT+0800 (China Standard Time),2.86,2.95,2.84,2.91,127800,2.91,USAT
Thu Nov 05 2015 00:00:00 GMT+0800 (China Standard Time),3,3.07,2.95,2.95,174600,2.95,USAT
Fri Nov 06 2015 00:00:00 GMT+0800 (China Standard Time),2.98,3.01,2.9,2.98,91700,2.98,USAT
Mon Nov 09 2015 00:00:00 GMT+0800 (China Standard Time),3,3.04,2.95,2.97,72400,2.97,USAT
Tue Nov 10 2015 00:00:00 GMT+0800 (China Standard Time),2.95,2.95,2.84,2.87,114600,2.87,USAT
Wed Nov 11 2015 00:00:00 GMT+0800 (China Standard Time),2.85,2.85,2.74,2.8,206800,2.8,USAT
Thu Nov 12 2015 00:00:00 GMT+0800 (China Standard Time),2.78,2.79,2.68,2.7,286300,2.7,USAT
Fri Nov 13 2015 00:00:00 GMT+0800 (China Standard Time),3,3.1,2.7,3,1416500,3,USAT
Mon Nov 16 2015 00:00:00 GMT+0800 (China Standard Time),3.16,3.16,2.95,2.95,186500,2.95,USAT
Tue Nov 17 2015 00:00:00 GMT+0800 (China Standard Time),2.95,2.95,2.85,2.89,88600,2.89,USAT
Wed Nov 18 2015 00:00:00 GMT+0800 (China Standard Time),2.9,2.94,2.81,2.93,127200,2.93,USAT
Thu Nov 19 2015 00:00:00 GMT+0800 (China Standard Time),2.95,2.96,2.79,2.9,132300,2.9,USAT
Fri Nov 20 2015 00:00:00 GMT+0800 (China Standard Time),2.85,2.94,2.85,2.91,87300,2.91,USAT
Mon Nov 23 2015 00:00:00 GMT+0800 (China Standard Time),2.94,2.98,2.88,2.98,237100,2.98,USAT
Tue Nov 24 2015 00:00:00 GMT+0800 (China Standard Time),3,3,2.92,2.99,81500,2.99,USAT
Wed Nov 25 2015 00:00:00 GMT+0800 (China Standard Time),2.99,2.99,2.94,2.95,63100,2.95,USAT
Fri Nov 27 2015 00:00:00 GMT+0800 (China Standard Time),2.95,2.98,2.9,2.93,34100,2.93,USAT
Mon Nov 30 2015 00:00:00 GMT+0800 (China Standard Time),2.93,3.26,2.9,3.25,643800,3.25,USAT
Tue Dec 01 2015 00:00:00 GMT+0800 (China Standard Time),3.25,3.4,3.14,3.37,281800,3.37,USAT
Wed Dec 02 2015 00:00:00 GMT+0800 (China Standard Time),3.35,3.4,3.33,3.36,316600,3.36,USAT
Thu Dec 03 2015 00:00:00 GMT+0800 (China Standard Time),3.36,3.38,3.22,3.26,109300,3.26,USAT
Fri Dec 04 2015 00:00:00 GMT+0800 (China Standard Time),3.32,3.34,3.25,3.3,138900,3.3,USAT
Mon Dec 07 2015 00:00:00 GMT+0800 (China Standard Time),3.27,3.35,3.11,3.13,89900,3.13,USAT
Tue Dec 08 2015 00:00:00 GMT+0800 (China Standard Time),3.07,3.26,3.07,3.24,91100,3.24,USAT
Wed Dec 09 2015 00:00:00 GMT+0800 (China Standard Time),3.21,3.23,3.11,3.12,58100,3.12,USAT
Thu Dec 10 2015 00:00:00 GMT+0800 (China Standard Time),3.13,3.17,3.09,3.15,72600,3.15,USAT
Fri Dec 11 2015 00:00:00 GMT+0800 (China Standard Time),3.08,3.14,2.91,2.94,240100,2.94,USAT
Mon Dec 14 2015 00:00:00 GMT+0800 (China Standard Time),2.97,3.1,2.95,3.03,77600,3.03,USAT
Tue Dec 15 2015 00:00:00 GMT+0800 (China Standard Time),3.05,3.1,3.02,3.1,79000,3.1,USAT
Wed Dec 16 2015 00:00:00 GMT+0800 (China Standard Time),3.09,3.16,3,3.09,66600,3.09,USAT
Thu Dec 17 2015 00:00:00 GMT+0800 (China Standard Time),3.05,3.14,3.01,3.09,83300,3.09,USAT
Fri Dec 18 2015 00:00:00 GMT+0800 (China Standard Time),3.11,3.14,3,3.01,121400,3.01,USAT
Mon Dec 21 2015 00:00:00 GMT+0800 (China Standard Time),3,3.08,3,3.07,52200,3.07,USAT
Tue Dec 22 2015 00:00:00 GMT+0800 (China Standard Time),3.1,3.15,3.05,3.12,60500,3.12,USAT
Wed Dec 23 2015 00:00:00 GMT+0800 (China Standard Time),3.1,3.18,3.06,3.15,121000,3.15,USAT
Thu Dec 24 2015 00:00:00 GMT+0800 (China Standard Time),3.18,3.26,3.18,3.24,35200,3.24,USAT
Mon Dec 28 2015 00:00:00 GMT+0800 (China Standard Time),3.19,3.25,3.1,3.11,116500,3.11,USAT
Tue Dec 29 2015 00:00:00 GMT+0800 (China Standard Time),3.12,3.14,2.98,3.07,65600,3.07,USAT
Wed Dec 30 2015 00:00:00 GMT+0800 (China Standard Time),3.02,3.1,3.02,3.09,37700,3.09,USAT
Thu Dec 31 2015 00:00:00 GMT+0800 (China Standard Time),3.04,3.11,3.02,3.08,63200,3.08,USAT
Mon Jan 04 2016 00:00:00 GMT+0800 (China Standard Time),3,3.04,2.94,2.99,157800,2.99,USAT
Tue Jan 05 2016 00:00:00 GMT+0800 (China Standard Time),2.96,3,2.93,2.96,53700,2.96,USAT
Wed Jan 06 2016 00:00:00 GMT+0800 (China Standard Time),2.9,3.05,2.9,2.97,33000,2.97,USAT
Thu Jan 07 2016 00:00:00 GMT+0800 (China Standard Time),2.95,3.09,2.95,3.06,139600,3.06,USAT
Fri Jan 08 2016 00:00:00 GMT+0800 (China Standard Time),3.06,3.12,2.99,3,520400,3,USAT
Mon Jan 11 2016 00:00:00 GMT+0800 (China Standard Time),3.03,3.03,2.91,2.91,145400,2.91,USAT
Tue Jan 12 2016 00:00:00 GMT+0800 (China Standard Time),2.93,2.95,2.88,2.94,227800,2.94,USAT
Wed Jan 13 2016 00:00:00 GMT+0800 (China Standard Time),2.94,2.96,2.88,2.92,112800,2.92,USAT
Thu Jan 14 2016 00:00:00 GMT+0800 (China Standard Time),2.91,2.94,2.75,2.79,150600,2.79,USAT
Fri Jan 15 2016 00:00:00 GMT+0800 (China Standard Time),2.74,2.78,2.69,2.71,183900,2.71,USAT
Tue Jan 19 2016 00:00:00 GMT+0800 (China Standard Time),2.75,2.89,2.71,2.86,155400,2.86,USAT
Wed Jan 20 2016 00:00:00 GMT+0800 (China Standard Time),2.86,2.91,2.74,2.91,152800,2.91,USAT
Thu Jan 21 2016 00:00:00 GMT+0800 (China Standard Time),2.92,2.95,2.86,2.89,87800,2.89,USAT
Fri Jan 22 2016 00:00:00 GMT+0800 (China Standard Time),2.92,3.08,2.92,2.96,66000,2.96,USAT
Mon Jan 25 2016 00:00:00 GMT+0800 (China Standard Time),3,3.07,2.9,2.9,244200,2.9,USAT
Tue Jan 26 2016 00:00:00 GMT+0800 (China Standard Time),2.88,2.92,2.78,2.8,198600,2.8,USAT
Wed Jan 27 2016 00:00:00 GMT+0800 (China Standard Time),2.81,3,2.8,2.97,412100,2.97,USAT
Thu Jan 28 2016 00:00:00 GMT+0800 (China Standard Time),3,3,2.9,2.98,174200,2.98,USAT
Fri Jan 29 2016 00:00:00 GMT+0800 (China Standard Time),3.02,3.26,3.02,3.22,639000,3.22,USAT
Mon Feb 01 2016 00:00:00 GMT+0800 (China Standard Time),3.24,3.4,3.19,3.4,357600,3.4,USAT
Tue Feb 02 2016 00:00:00 GMT+0800 (China Standard Time),3.45,3.6,3.37,3.55,374700,3.55,USAT
Wed Feb 03 2016 00:00:00 GMT+0800 (China Standard Time),3.55,3.71,3.51,3.61,374300,3.61,USAT
Thu Feb 04 2016 00:00:00 GMT+0800 (China Standard Time),3.64,3.68,3.52,3.54,435300,3.54,USAT
Fri Feb 05 2016 00:00:00 GMT+0800 (China Standard Time),3.54,3.58,3.44,3.53,254200,3.53,USAT
Mon Feb 08 2016 00:00:00 GMT+0800 (China Standard Time),3.53,3.56,3.29,3.3,281700,3.3,USAT
Tue Feb 09 2016 00:00:00 GMT+0800 (China Standard Time),3.3,3.33,3.2,3.2,157800,3.2,USAT
Wed Feb 10 2016 00:00:00 GMT+0800 (China Standard Time),3.21,3.42,3.21,3.3,275100,3.3,USAT
Thu Feb 11 2016 00:00:00 GMT+0800 (China Standard Time),3.3,3.31,3.18,3.22,315100,3.22,USAT
Fri Feb 12 2016 00:00:00 GMT+0800 (China Standard Time),3.4,3.74,3.38,3.71,1292400,3.71,USAT
Tue Feb 16 2016 00:00:00 GMT+0800 (China Standard Time),3.8,3.95,3.66,3.86,1434500,3.86,USAT
Wed Feb 17 2016 00:00:00 GMT+0800 (China Standard Time),3.9,3.98,3.75,3.8,447500,3.8,USAT
Thu Feb 18 2016 00:00:00 GMT+0800 (China Standard Time),3.83,3.9,3.68,3.79,175400,3.79,USAT
Fri Feb 19 2016 00:00:00 GMT+0800 (China Standard Time),3.77,3.91,3.7,3.9,365500,3.9,USAT
Mon Feb 22 2016 00:00:00 GMT+0800 (China Standard Time),3.97,4.05,3.89,4.05,620800,4.05,USAT
Tue Feb 23 2016 00:00:00 GMT+0800 (China Standard Time),4.05,4.07,3.84,4.02,434800,4.02,USAT
Wed Feb 24 2016 00:00:00 GMT+0800 (China Standard Time),3.97,4.17,3.9,4.08,408900,4.08,USAT
Thu Feb 25 2016 00:00:00 GMT+0800 (China Standard Time),4.11,4.12,3.98,4.11,224800,4.11,USAT
Fri Feb 26 2016 00:00:00 GMT+0800 (China Standard Time),4.1,4.11,3.86,3.91,356600,3.91,USAT
Mon Feb 29 2016 00:00:00 GMT+0800 (China Standard Time),3.94,4.03,3.92,3.97,147100,3.97,USAT
Tue Mar 01 2016 00:00:00 GMT+0800 (China Standard Time),4,4.03,3.93,3.99,142900,3.99,USAT
Wed Mar 02 2016 00:00:00 GMT+0800 (China Standard Time),3.98,3.99,3.84,3.88,201500,3.88,USAT
Thu Mar 03 2016 00:00:00 GMT+0800 (China Standard Time),3.88,3.93,3.82,3.91,126700,3.91,USAT
Fri Mar 04 2016 00:00:00 GMT+0800 (China Standard Time),3.9,3.95,3.86,3.86,157200,3.86,USAT
Mon Mar 07 2016 00:00:00 GMT+0800 (China Standard Time),3.88,3.99,3.82,3.9,179100,3.9,USAT
Tue Mar 08 2016 00:00:00 GMT+0800 (China Standard Time),3.91,3.99,3.85,3.85,174200,3.85,USAT
Wed Mar 09 2016 00:00:00 GMT+0800 (China Standard Time),3.88,4.09,3.86,4,266800,4,USAT
Thu Mar 10 2016 00:00:00 GMT+0800 (China Standard Time),4,4.05,3.86,4,208200,4,USAT
Fri Mar 11 2016 00:00:00 GMT+0800 (China Standard Time),4.04,4.09,3.95,3.97,143500,3.97,USAT
Mon Mar 14 2016 00:00:00 GMT+0800 (China Standard Time),3.97,4.04,3.9,3.94,101200,3.94,USAT
Tue Mar 15 2016 00:00:00 GMT+0800 (China Standard Time),3.97,3.98,3.75,3.81,281900,3.81,USAT
Wed Mar 16 2016 00:00:00 GMT+0800 (China Standard Time),3.82,3.95,3.81,3.9,92700,3.9,USAT
Thu Mar 17 2016 00:00:00 GMT+0800 (China Standard Time),3.89,3.93,3.75,3.9,266500,3.9,USAT
Fri Mar 18 2016 00:00:00 GMT+0800 (China Standard Time),3.93,4.03,3.89,4.02,440700,4.02,USAT
Mon Mar 21 2016 00:00:00 GMT+0800 (China Standard Time),4.08,4.43,3.99,4.37,827900,4.37,USAT
Tue Mar 22 2016 00:00:00 GMT+0800 (China Standard Time),4.37,4.54,4.27,4.47,785700,4.47,USAT
Wed Mar 23 2016 00:00:00 GMT+0800 (China Standard Time),4.49,4.49,4.31,4.42,332400,4.42,USAT
Thu Mar 24 2016 00:00:00 GMT+0800 (China Standard Time),4.35,4.45,4.28,4.4,188700,4.4,USAT
Mon Mar 28 2016 00:00:00 GMT+0800 (China Standard Time),4.42,4.45,4.29,4.32,200000,4.32,USAT
Tue Mar 29 2016 00:00:00 GMT+0800 (China Standard Time),4.35,4.46,4.24,4.43,280000,4.43,USAT
Wed Mar 30 2016 00:00:00 GMT+0800 (China Standard Time),4.5,4.54,4.38,4.44,302400,4.44,USAT
Thu Mar 31 2016 00:00:00 GMT+0800 (China Standard Time),4.43,4.45,4.35,4.36,187000,4.36,USAT
Fri Apr 01 2016 00:00:00 GMT+0800 (China Standard Time),4.38,4.51,4.33,4.48,113700,4.48,USAT
Mon Apr 04 2016 00:00:00 GMT+0800 (China Standard Time),4.47,4.5,4.35,4.37,165300,4.37,USAT
Tue Apr 05 2016 00:00:00 GMT+0800 (China Standard Time),4.36,4.47,4.34,4.36,135800,4.36,USAT
Wed Apr 06 2016 00:00:00 GMT+0800 (China Standard Time),4.34,4.68,4.34,4.64,792100,4.64,USAT
Thu Apr 07 2016 00:00:00 GMT+0800 (China Standard Time),4.64,4.72,4.5,4.56,323700,4.56,USAT
Fri Apr 08 2016 00:00:00 GMT+0800 (China Standard Time),4.56,4.62,4.51,4.57,180100,4.57,USAT
Mon Apr 11 2016 00:00:00 GMT+0800 (China Standard Time),4.56,4.69,4.13,4.22,600000,4.22,USAT
Tue Apr 12 2016 00:00:00 GMT+0800 (China Standard Time),4.23,4.45,4.21,4.27,357300,4.27,USAT
Wed Apr 13 2016 00:00:00 GMT+0800 (China Standard Time),4.3,4.42,4.26,4.28,268500,4.28,USAT
Thu Apr 14 2016 00:00:00 GMT+0800 (China Standard Time),4.28,4.44,4.19,4.41,251200,4.41,USAT
Fri Apr 15 2016 00:00:00 GMT+0800 (China Standard Time),4.43,4.49,4.32,4.38,141900,4.38,USAT
Mon Apr 18 2016 00:00:00 GMT+0800 (China Standard Time),4.38,4.46,4.28,4.37,235700,4.37,USAT
Tue Apr 19 2016 00:00:00 GMT+0800 (China Standard Time),4.42,4.42,4.16,4.23,300900,4.23,USAT
Wed Apr 20 2016 00:00:00 GMT+0800 (China Standard Time),4.24,4.34,4.16,4.3,179600,4.3,USAT
Thu Apr 21 2016 00:00:00 GMT+0800 (China Standard Time),4.31,4.36,4.22,4.3,109800,4.3,USAT
Fri Apr 22 2016 00:00:00 GMT+0800 (China Standard Time),4.3,4.36,4.22,4.29,76000,4.29,USAT
Mon Apr 25 2016 00:00:00 GMT+0800 (China Standard Time),4.25,4.29,4.18,4.23,164800,4.23,USAT
Tue Apr 26 2016 00:00:00 GMT+0800 (China Standard Time),4.24,4.42,4.2,4.37,173300,4.37,USAT
Wed Apr 27 2016 00:00:00 GMT+0800 (China Standard Time),4.36,4.41,4.27,4.4,157100,4.4,USAT
Thu Apr 28 2016 00:00:00 GMT+0800 (China Standard Time),4.35,4.42,4.3,4.31,108700,4.31,USAT
Fri Apr 29 2016 00:00:00 GMT+0800 (China Standard Time),4.31,4.39,4.2,4.38,698000,4.38,USAT
Mon May 02 2016 00:00:00 GMT+0800 (China Standard Time),4.36,4.38,4.25,4.29,124600,4.29,USAT
Tue May 03 2016 00:00:00 GMT+0800 (China Standard Time),4.22,4.68,4.22,4.6,514700,4.6,USAT
Wed May 04 2016 00:00:00 GMT+0800 (China Standard Time),4.6,4.73,4.51,4.61,334800,4.61,USAT
Thu May 05 2016 00:00:00 GMT+0800 (China Standard Time),4.61,4.65,4.45,4.53,201000,4.53,USAT
Fri May 06 2016 00:00:00 GMT+0800 (China Standard Time),4.53,4.54,4.35,4.52,184300,4.52,USAT
Mon May 09 2016 00:00:00 GMT+0800 (China Standard Time),4.49,4.65,4.48,4.63,186300,4.63,USAT
Tue May 10 2016 00:00:00 GMT+0800 (China Standard Time),4.61,4.68,4.44,4.48,140000,4.48,USAT
Wed May 11 2016 00:00:00 GMT+0800 (China Standard Time),4.45,4.52,4.28,4.32,424200,4.32,USAT
Thu May 12 2016 00:00:00 GMT+0800 (China Standard Time),4.28,4.63,4.28,4.4,506800,4.4,USAT
Fri May 13 2016 00:00:00 GMT+0800 (China Standard Time),4.4,4.43,3.81,3.87,919600,3.87,USAT
Mon May 16 2016 00:00:00 GMT+0800 (China Standard Time),3.58,4.05,3.5,3.98,1380300,3.98,USAT
Tue May 17 2016 00:00:00 GMT+0800 (China Standard Time),3.95,4.03,3.81,3.85,345700,3.85,USAT
Wed May 18 2016 00:00:00 GMT+0800 (China Standard Time),3.82,3.89,3.82,3.85,209400,3.85,USAT
Thu May 19 2016 00:00:00 GMT+0800 (China Standard Time),3.85,3.91,3.73,3.81,280100,3.81,USAT
Fri May 20 2016 00:00:00 GMT+0800 (China Standard Time),3.84,4.15,3.8,4.09,324700,4.09,USAT
Mon May 23 2016 00:00:00 GMT+0800 (China Standard Time),4.09,4.22,4.06,4.13,331400,4.13,USAT
Tue May 24 2016 00:00:00 GMT+0800 (China Standard Time),4.12,4.4,4.1,4.28,358000,4.28,USAT
Wed May 25 2016 00:00:00 GMT+0800 (China Standard Time),4.29,4.42,4.29,4.41,424300,4.41,USAT
Thu May 26 2016 00:00:00 GMT+0800 (China Standard Time),4.39,4.4,4.27,4.31,162800,4.31,USAT
Fri May 27 2016 00:00:00 GMT+0800 (China Standard Time),4.35,4.4,4.28,4.39,91900,4.39,USAT
Tue May 31 2016 00:00:00 GMT+0800 (China Standard Time),4.39,4.41,4.34,4.4,104800,4.4,USAT
Wed Jun 01 2016 00:00:00 GMT+0800 (China Standard Time),4.38,4.49,4.35,4.45,162400,4.45,USAT
Thu Jun 02 2016 00:00:00 GMT+0800 (China Standard Time),4.42,4.47,4.38,4.45,281200,4.45,USAT
Fri Jun 03 2016 00:00:00 GMT+0800 (China Standard Time),4.43,4.49,4.31,4.48,188600,4.48,USAT
Mon Jun 06 2016 00:00:00 GMT+0800 (China Standard Time),4.48,4.53,4.41,4.47,242900,4.47,USAT
Tue Jun 07 2016 00:00:00 GMT+0800 (China Standard Time),4.47,4.62,4.45,4.57,255500,4.57,USAT
Wed Jun 08 2016 00:00:00 GMT+0800 (China Standard Time),4.56,4.65,4.5,4.59,163200,4.59,USAT
Thu Jun 09 2016 00:00:00 GMT+0800 (China Standard Time),4.59,4.59,4.5,4.53,148700,4.53,USAT
Fri Jun 10 2016 00:00:00 GMT+0800 (China Standard Time),4.45,4.52,4.36,4.4,100400,4.4,USAT
Mon Jun 13 2016 00:00:00 GMT+0800 (China Standard Time),4.4,4.45,4.06,4.07,375300,4.07,USAT
Tue Jun 14 2016 00:00:00 GMT+0800 (China Standard Time),4.08,4.25,4.04,4.11,190400,4.11,USAT
Wed Jun 15 2016 00:00:00 GMT+0800 (China Standard Time),4.14,4.21,3.98,4.17,199100,4.17,USAT
Thu Jun 16 2016 00:00:00 GMT+0800 (China Standard Time),4.16,4.16,4.02,4.15,189800,4.15,USAT
Fri Jun 17 2016 00:00:00 GMT+0800 (China Standard Time),4.13,4.13,3.9,3.91,267700,3.91,USAT
Mon Jun 20 2016 00:00:00 GMT+0800 (China Standard Time),3.92,4.07,3.92,4,170700,4,USAT
Tue Jun 21 2016 00:00:00 GMT+0800 (China Standard Time),4.02,4.11,3.92,4.01,154100,4.01,USAT
Wed Jun 22 2016 00:00:00 GMT+0800 (China Standard Time),4,4.09,3.99,4.04,194400,4.04,USAT
Thu Jun 23 2016 00:00:00 GMT+0800 (China Standard Time),4.05,4.18,4.03,4.11,314800,4.11,USAT
Fri Jun 24 2016 00:00:00 GMT+0800 (China Standard Time),3.87,4.08,3.85,3.9,3485000,3.9,USAT
Mon Jun 27 2016 00:00:00 GMT+0800 (China Standard Time),3.89,3.97,3.78,3.94,264500,3.94,USAT
Tue Jun 28 2016 00:00:00 GMT+0800 (China Standard Time),3.95,4.12,3.88,4.09,270000,4.09,USAT
Wed Jun 29 2016 00:00:00 GMT+0800 (China Standard Time),4.1,4.24,4.1,4.15,185100,4.15,USAT
Thu Jun 30 2016 00:00:00 GMT+0800 (China Standard Time),4.2,4.36,4.2,4.27,326400,4.27,USAT
Fri Jul 01 2016 00:00:00 GMT+0800 (China Standard Time),4.27,4.34,4.07,4.13,396600,4.13,USAT
Tue Jul 05 2016 00:00:00 GMT+0800 (China Standard Time),4.09,4.2,4.05,4.15,191100,4.15,USAT
Wed Jul 06 2016 00:00:00 GMT+0800 (China Standard Time),4.14,4.19,4.07,4.18,167500,4.18,USAT
Thu Jul 07 2016 00:00:00 GMT+0800 (China Standard Time),4.21,4.3,4.2,4.25,131800,4.25,USAT
Fri Jul 08 2016 00:00:00 GMT+0800 (China Standard Time),4.26,4.42,4.25,4.4,319400,4.4,USAT
Mon Jul 11 2016 00:00:00 GMT+0800 (China Standard Time),4.4,4.45,4.33,4.44,257400,4.44,USAT
Tue Jul 12 2016 00:00:00 GMT+0800 (China Standard Time),4.45,4.47,4.42,4.43,269200,4.43,USAT
Wed Jul 13 2016 00:00:00 GMT+0800 (China Standard Time),4.48,4.52,4.46,4.49,558200,4.49,USAT
Thu Jul 14 2016 00:00:00 GMT+0800 (China Standard Time),4.5,4.51,4.49,4.51,274900,4.51,USAT
Fri Jul 15 2016 00:00:00 GMT+0800 (China Standard Time),4.52,4.52,4.46,4.52,160800,4.52,USAT
Mon Jul 18 2016 00:00:00 GMT+0800 (China Standard Time),4.55,4.55,4.5,4.52,159700,4.52,USAT
Tue Jul 19 2016 00:00:00 GMT+0800 (China Standard Time),4.5,4.53,4.45,4.52,223200,4.52,USAT
Wed Jul 20 2016 00:00:00 GMT+0800 (China Standard Time),4.5,4.55,4.49,4.52,144800,4.52,USAT
Thu Jul 21 2016 00:00:00 GMT+0800 (China Standard Time),4.51,4.53,4.31,4.5,208700,4.5,USAT
Fri Jul 22 2016 00:00:00 GMT+0800 (China Standard Time),4.5,4.52,4.36,4.51,95400,4.51,USAT
Mon Jul 25 2016 00:00:00 GMT+0800 (China Standard Time),4.51,4.55,4.38,4.5,92600,4.5,USAT
Tue Jul 26 2016 00:00:00 GMT+0800 (China Standard Time),4.55,4.61,4.5,4.6,126100,4.6,USAT
Wed Jul 27 2016 00:00:00 GMT+0800 (China Standard Time),4.6,4.76,4.51,4.73,271100,4.73,USAT
Thu Jul 28 2016 00:00:00 GMT+0800 (China Standard Time),4.74,4.75,4.65,4.74,111000,4.74,USAT
Fri Jul 29 2016 00:00:00 GMT+0800 (China Standard Time),4.74,4.74,4.67,4.72,142100,4.72,USAT
Mon Aug 01 2016 00:00:00 GMT+0800 (China Standard Time),4.71,4.76,4.65,4.75,119500,4.75,USAT
Tue Aug 02 2016 00:00:00 GMT+0800 (China Standard Time),4.74,4.74,4.58,4.64,111100,4.64,USAT
Wed Aug 03 2016 00:00:00 GMT+0800 (China Standard Time),4.62,4.84,4.61,4.82,193900,4.82,USAT
Thu Aug 04 2016 00:00:00 GMT+0800 (China Standard Time),4.82,4.84,4.76,4.82,136100,4.82,USAT
Fri Aug 05 2016 00:00:00 GMT+0800 (China Standard Time),4.82,4.9,4.79,4.86,151500,4.86,USAT
Mon Aug 08 2016 00:00:00 GMT+0800 (China Standard Time),4.85,4.86,4.82,4.84,166900,4.84,USAT
Tue Aug 09 2016 00:00:00 GMT+0800 (China Standard Time),4.84,4.97,4.75,4.95,220000,4.95,USAT
Wed Aug 10 2016 00:00:00 GMT+0800 (China Standard Time),4.94,5.16,4.93,5.07,894800,5.07,USAT
Thu Aug 11 2016 00:00:00 GMT+0800 (China Standard Time),5.12,5.15,5.01,5.06,421800,5.06,USAT
Fri Aug 12 2016 00:00:00 GMT+0800 (China Standard Time),5.06,5.16,5.02,5.14,167400,5.14,USAT
Mon Aug 15 2016 00:00:00 GMT+0800 (China Standard Time),5.14,5.3,5.13,5.21,230300,5.21,USAT
Tue Aug 16 2016 00:00:00 GMT+0800 (China Standard Time),5.21,5.25,5.1,5.11,263000,5.11,USAT
Wed Aug 17 2016 00:00:00 GMT+0800 (China Standard Time),5.13,5.23,5.1,5.17,247300,5.17,USAT
Thu Aug 18 2016 00:00:00 GMT+0800 (China Standard Time),5.17,5.25,5.15,5.22,164300,5.22,USAT
Fri Aug 19 2016 00:00:00 GMT+0800 (China Standard Time),5.22,5.26,5.1,5.14,192500,5.14,USAT
Mon Aug 22 2016 00:00:00 GMT+0800 (China Standard Time),5.15,5.22,5.09,5.16,142400,5.16,USAT
Tue Aug 23 2016 00:00:00 GMT+0800 (China Standard Time),5.17,5.3,5.17,5.22,270600,5.22,USAT
Wed Aug 24 2016 00:00:00 GMT+0800 (China Standard Time),5.22,5.25,5.13,5.14,367500,5.14,USAT
Thu Aug 25 2016 00:00:00 GMT+0800 (China Standard Time),5.13,5.16,5.09,5.14,153600,5.14,USAT
Fri Aug 26 2016 00:00:00 GMT+0800 (China Standard Time),5.14,5.24,5.1,5.17,118600,5.17,USAT
Mon Aug 29 2016 00:00:00 GMT+0800 (China Standard Time),5.16,5.21,5.04,5.06,244000,5.06,USAT
Tue Aug 30 2016 00:00:00 GMT+0800 (China Standard Time),5.05,5.11,4.96,4.97,223200,4.97,USAT
Wed Aug 31 2016 00:00:00 GMT+0800 (China Standard Time),4.95,5.1,4.95,4.98,151100,4.98,USAT
Thu Sep 01 2016 00:00:00 GMT+0800 (China Standard Time),5.01,5.05,4.78,5.02,244700,5.02,USAT
Fri Sep 02 2016 00:00:00 GMT+0800 (China Standard Time),5.07,5.19,4.97,5.18,181200,5.18,USAT
Tue Sep 06 2016 00:00:00 GMT+0800 (China Standard Time),5.22,5.22,5.1,5.13,104600,5.13,USAT
Wed Sep 07 2016 00:00:00 GMT+0800 (China Standard Time),5.11,5.17,4.98,5.05,187400,5.05,USAT
Thu Sep 08 2016 00:00:00 GMT+0800 (China Standard Time),5.04,5.04,4.96,5,87700,5,USAT
Fri Sep 09 2016 00:00:00 GMT+0800 (China Standard Time),4.96,5.02,4.84,4.84,282000,4.84,USAT
Mon Sep 12 2016 00:00:00 GMT+0800 (China Standard Time),4.82,4.85,4.59,4.69,397800,4.69,USAT
Tue Sep 13 2016 00:00:00 GMT+0800 (China Standard Time),4.46,4.88,4.33,4.82,694800,4.82,USAT
Wed Sep 14 2016 00:00:00 GMT+0800 (China Standard Time),4.88,4.95,4.78,4.82,380100,4.82,USAT
Thu Sep 15 2016 00:00:00 GMT+0800 (China Standard Time),4.87,4.97,4.75,4.83,391900,4.83,USAT
Fri Sep 16 2016 00:00:00 GMT+0800 (China Standard Time),4.89,5.38,4.87,5.27,865300,5.27,USAT
Mon Sep 19 2016 00:00:00 GMT+0800 (China Standard Time),5.28,5.53,5.28,5.44,626100,5.44,USAT
Tue Sep 20 2016 00:00:00 GMT+0800 (China Standard Time),5.43,5.51,5.22,5.4,515800,5.4,USAT
Wed Sep 21 2016 00:00:00 GMT+0800 (China Standard Time),5.45,5.55,5.32,5.53,542400,5.53,USAT
Thu Sep 22 2016 00:00:00 GMT+0800 (China Standard Time),5.57,5.79,5.57,5.71,534200,5.71,USAT
Fri Sep 23 2016 00:00:00 GMT+0800 (China Standard Time),5.71,5.73,5.53,5.59,327500,5.59,USAT
Mon Sep 26 2016 00:00:00 GMT+0800 (China Standard Time),5.61,5.65,5.47,5.5,333300,5.5,USAT
Tue Sep 27 2016 00:00:00 GMT+0800 (China Standard Time),5.53,5.67,5.5,5.62,262200,5.62,USAT
Wed Sep 28 2016 00:00:00 GMT+0800 (China Standard Time),5.61,5.73,5.59,5.68,318300,5.68,USAT
Thu Sep 29 2016 00:00:00 GMT+0800 (China Standard Time),5.7,5.8,5.68,5.75,405300,5.75,USAT
Fri Sep 30 2016 00:00:00 GMT+0800 (China Standard Time),5.8,5.81,5.55,5.61,619900,5.61,USAT
Mon Oct 03 2016 00:00:00 GMT+0800 (China Standard Time),5.56,5.77,5.45,5.66,173100,5.66,USAT
Tue Oct 04 2016 00:00:00 GMT+0800 (China Standard Time),5.65,5.75,5.51,5.53,234200,5.53,USAT
Wed Oct 05 2016 00:00:00 GMT+0800 (China Standard Time),5.52,5.71,5.52,5.59,405800,5.59,USAT
Thu Oct 06 2016 00:00:00 GMT+0800 (China Standard Time),5.58,5.65,5.46,5.5,400700,5.5,USAT
Fri Oct 07 2016 00:00:00 GMT+0800 (China Standard Time),5.47,5.59,5.35,5.35,457500,5.35,USAT
Mon Oct 10 2016 00:00:00 GMT+0800 (China Standard Time),5.35,5.52,5.16,5.49,220700,5.49,USAT
Tue Oct 11 2016 00:00:00 GMT+0800 (China Standard Time),5.49,5.53,5.18,5.27,526700,5.27,USAT
Wed Oct 12 2016 00:00:00 GMT+0800 (China Standard Time),5.31,5.41,5.21,5.31,237500,5.31,USAT
Thu Oct 13 2016 00:00:00 GMT+0800 (China Standard Time),5.25,5.32,5.11,5.2,298100,5.2,USAT
Fri Oct 14 2016 00:00:00 GMT+0800 (China Standard Time),5.2,5.22,5.02,5.03,370500,5.03,USAT
Mon Oct 17 2016 00:00:00 GMT+0800 (China Standard Time),5.01,5.2,5.01,5.11,125900,5.11,USAT
Tue Oct 18 2016 00:00:00 GMT+0800 (China Standard Time),5.16,5.19,5.07,5.16,123300,5.16,USAT
Wed Oct 19 2016 00:00:00 GMT+0800 (China Standard Time),5.17,5.23,5.13,5.22,146100,5.22,USAT
Thu Oct 20 2016 00:00:00 GMT+0800 (China Standard Time),5.2,5.22,4.97,5.01,158500,5.01,USAT
Fri Oct 21 2016 00:00:00 GMT+0800 (China Standard Time),4.95,5.07,4.95,5.02,111100,5.02,USAT
Mon Oct 24 2016 00:00:00 GMT+0800 (China Standard Time),5.06,5.14,5.03,5.1,108500,5.1,USAT
Tue Oct 25 2016 00:00:00 GMT+0800 (China Standard Time),5.1,5.1,4.97,5.03,100200,5.03,USAT
Wed Oct 26 2016 00:00:00 GMT+0800 (China Standard Time),5,5.05,4.93,4.99,124000,4.99,USAT
Thu Oct 27 2016 00:00:00 GMT+0800 (China Standard Time),5,5.01,4.71,4.72,237300,4.72,USAT
Fri Oct 28 2016 00:00:00 GMT+0800 (China Standard Time),4.74,4.85,4.58,4.72,157500,4.72,USAT
Mon Oct 31 2016 00:00:00 GMT+0800 (China Standard Time),4.8,4.9,4.5,4.5,223300,4.5,USAT
Tue Nov 01 2016 00:00:00 GMT+0800 (China Standard Time),4.55,4.65,4.49,4.5,113300,4.5,USAT
Wed Nov 02 2016 00:00:00 GMT+0800 (China Standard Time),4.45,4.5,4.1,4.15,635900,4.15,USAT
Thu Nov 03 2016 00:00:00 GMT+0800 (China Standard Time),4.15,4.3,4.1,4.15,315300,4.15,USAT
Fri Nov 04 2016 00:00:00 GMT+0800 (China Standard Time),4.2,4.4,4.2,4.3,186300,4.3,USAT
Mon Nov 07 2016 00:00:00 GMT+0800 (China Standard Time),4.35,4.45,4.3,4.4,267300,4.4,USAT
Tue Nov 08 2016 00:00:00 GMT+0800 (China Standard Time),4.35,4.45,4.16,4.3,140400,4.3,USAT
Wed Nov 09 2016 00:00:00 GMT+0800 (China Standard Time),4,4.25,3.75,4.15,608300,4.15,USAT
Thu Nov 10 2016 00:00:00 GMT+0800 (China Standard Time),4.3,4.4,4.15,4.25,443100,4.25,USAT
Fri Nov 11 2016 00:00:00 GMT+0800 (China Standard Time),4.2,4.25,3.9,3.95,634000,3.95,USAT
